Workbook

Sheet اكواد الاصناف
A2: كود الصنف | B2: اسم الصنف | C2: الوحدة | D2: السعر
A3: =IF(B3<>"",ROW()-2,"") -> 1 | B3: ارز نور المصطفى طبيعى 25 ك | C3: شيكارة
A4: =IF(B4<>"",ROW()-2,"") -> 2 | B4: ارز نور المصطفى زيت 25 ك | C4: شيكارة
A5: =IF(B5<>"",ROW()-2,"") -> 3 | B5: ارز نور المصطفى طبيعى 10 ك | C5: شيكارة
A6: =IF(B6<>"",ROW()-2,"") -> 4 | B6: ارز نور المصطفى زيت 10 ك | C6: شيكارة
A7: =IF(B7<>"",ROW()-2,"") -> 5 | B7: ارز بسمتي سيلا 10 ك | C7: شيكارة
A8: =IF(B8<>"",ROW()-2,"") -> 6 | B8: ارز بسمتي عروسة 10 ك | C8: شيكارة
A9: =IF(B9<>"",ROW()-2,"") -> 7 | B9: ارز الساعة 1 ك ( كرتونة 10 كيس) | C9: كرتونة
A10: =IF(B10<>"",ROW()-2,"") -> 8 | B10: ارز الساعة 5 ك ( كرتونة 2 كيس ) | C10: كرتونة
A11: =IF(B11<>"",ROW()-2,"") -> 9 | B11: ارز الضحي 1 ك | C11: بالتة
A12: =IF(B12<>"",ROW()-2,"") -> 10 | B12: ارز مليكة 1 ك | C12: بالتة
A13: =IF(B13<>"",ROW()-2,"") -> 11 | B13: سكر معبأ 20 كيس | C13: بالتة
A14: =IF(B14<>"",ROW()-2,"") -> 12 | B14: عدس اصفر معبأ حبة حبة 1 ك | C14: بالتة
... A600: =IF(B600<>"",ROW()-2,"") -> 598 | B600: زيت حلوة 4.5 لتر *2 | C600: كرتونة
A601: =IF(B601<>"",ROW()-2,"")
A602: =IF(B602<>"",ROW()-2,"")
A603: =IF(B603<>"",ROW()-2,"")
A604: =IF(B604<>"",ROW()-2,"")
A605: =IF(B605<>"",ROW()-2,"")
A606: =IF(B606<>"",ROW()-2,"")
A607: =IF(B607<>"",ROW()-2,"")
A608: =IF(B608<>"",ROW()-2,"")
A609: =IF(B609<>"",ROW()-2,"")
A610: =IF(B610<>"",ROW()-2,"")
A611: =IF(B611<>"",ROW()-2,"")
A612: =IF(B612<>"",ROW()-2,"")
... A657: =IF(B657<>"",ROW()-2,"")

Sheet سجل العملاء
A3: كود العميل | B3: اسم العميل | C3: رقم الهاتف | D3: العنوان | E3: هاتف 2 | F3: هاتف 3 | G3: البريد الاليكتروني
A4: =IF(B4<>"",ROW()-3,"") -> 1 | B4: عطارة رؤية | C4: 1271724536 | D4: عزبة محسن
A5: =IF(B5<>"",ROW()-3,"") -> 2 | B5: بازار البوب | C5: 1210604800 | D5: ش الأدوية بجوار كازيون
A6: =IF(B6<>"",ROW()-3,"") -> 3 | B6: مارشيملو ماركت | C6: 1202404095 | D6: ش أحمد تيسير عصافرة
A7: =IF(B7<>"",ROW()-3,"") -> 4 | B7: ابو مصطفى ماركت | C7: 1093011391 | D7: ش 6 اكتوبر اول محسن زقزوق
A8: =IF(B8<>"",ROW()-3,"") -> 5 | B8: بازار المستر | C8: 1152522949 | D8: ش أحمد العوامري متفرع من جمال عبدالناصر ش جزارة السماح والرضا بشر بحري
A9: =IF(B9<>"",ROW()-3,"") -> 6 | B9: ألبان الخير | C9: 1288323473 | D9: ش سيف أمام صيدلية فهمي بشر قبلي
A10: =IF(B10<>"",ROW()-3,"") -> 7 | B10: ام آدم | C10: 1225802667 | D10: خورشيد
A11: =IF(B11<>"",ROW()-3,"") -> 8 | B11: بازار البطل | C11: 1202775100 | D11: ش مسجد عمر بن عبدالعزيز متفرع من عبدالناصر ميامي
A12: =IF(B12<>"",ROW()-3,"") -> 9 | B12: ألبان الشافعي | C12: 1279620525 | D12: ش الأدوية بشر قبلي
A13: =IF(B13<>"",ROW()-3,"") -> 10 | B13: أولاد أشرف عزوز | C13: 1202070691 | D13: ش عزبة النخل خورشيد
A14: =IF(B14<>"",ROW()-3,"") -> 11 | B14: ميدو ماركت | D14: ش الادوية
A15: =IF(B15<>"",ROW()-3,"") -> 12 | B15: عطارة الاخوة | C15: 1013900433 | D15: ش 8 تقاطع الجيش 45 قبلي
A16: =IF(B16<>"",ROW()-3,"") -> 13 | B16: مؤمن العطار | C16: 1158291548 | D16: ش 16 الفلكي
A17: =IF(B17<>"",ROW()-3,"") -> 14 | B17: عطارة الشيخ | C17: 1090530153 | D17: ش عمر بن خيام متفرع من سوق زنانيري
A18: =IF(B18<>"",ROW()-3,"") -> 15 | B18: اولاد شاهين | C18: 1270462298 | D18: عزبة محسن
A19: =IF(B19<>"",ROW()-3,"") -> 16 | B19: نور الاسلام | C19: 1060243702 | D19: الفلكي ش 10 الملك
A20: =IF(B20<>"",ROW()-3,"") -> 17 | B20: حسن العطار | C20: 1099316564 | D20: متفرع من ش حسني المندرة
A21: =IF(B21<>"",ROW()-3,"") -> 18 | B21: عطارة الحواج | C21: 1007578471 | D21: سيدي بشر قبلي
A22: =IF(B22<>"",ROW()-3,"") -> 19 | B22: الوسيم السوري | C22: 1272929351 | D22: المندرة
A23: =IF(B23<>"",ROW()-3,"") -> 20 | B23: ابو مروان | C23: 1226839792 | D23: ش الرحمة خورشيد
A24: =IF(B24<>"",ROW()-3,"") -> 21 | B24: ابو عبدالله | C24: 1212117881 | D24: ش وهران عصافرة
A25: =IF(B25<>"",ROW()-3,"") -> 22 | B25: عطارة الخليفة | C25: 1212117881 | D25: ش عبدالحليم محمود عصافرة
A26: 23 | B26: بيت العروض | C26: 1272773619 | D26: ش الجامع متفرع من خربيتها
A27: 24 | B27: موسي | C27: 1284200543 | D27: شارع السوق خورشيد
A28: 25 | B28: الحرمين ماركت | C28: 1149454907 | D28: ش محمد فريد متفرع من الصفا والمروة 45
A29: 26 | B29: عطارة البيضا عم طلعت | C29: 1067032164 | D29: سوق زنانيري
A30: 27 | B30: ابناء طيبة ماركت | C30: 1111207124 | D30: 182 شارع طيبة بعد تقاطع خضر التوني
A31: =IF(B31<>"",ROW()-3,"") -> 28 | B31: اولاد عاموش | C31: 1097163212 | D31: عزبة محسن
A32: =IF(B32<>"",ROW()-3,"") -> 29 | B32: بلال ماركت | C32: 1007986254 | D32: الفلكى ش 10 الملك
A33: =IF(B33<>"",ROW()-3,"") -> 30 | B33: كينج ماركت كليوباترا | C33: 1211218563 | D33: ش خضر التوني كليوباترا
A34: =IF(B34<>"",ROW()-3,"") -> 31 | B34: ام على | C34: 1286214723 | D34: نمرة 2 متفرع من ش خربتها
A35: =IF(B35<>"",ROW()-3,"") -> 32 | B35: العيلة ماركت | C35: 1288905699 | D35: ش 9 عزبة سكينة
A36: =IF(B36<>"",ROW()-3,"") -> 33 | B36: محمود | C36: 1278063493 | D36: ش الادوية
A37: =IF(B37<>"",ROW()-3,"") -> 34 | B37: زاد الخير | C37: 1209686682 | D37: سيدى بشر
A38: =IF(B38<>"",ROW()-3,"") -> 35 | B38: مينى ماركت السلام | C38: 1124535427 | D38: ش وهران
A39: =IF(B39<>"",ROW()-3,"") -> 36 | B39: الامين ماركت | D39: سيدى بشر ش 62
A40: =IF(B40<>"",ROW()-3,"") -> 37 | B40: بورصة ابو رهف | C40: 1022955851 | D40: ش القاهرة شيدى بشر
A41: =IF(B41<>"",ROW()-3,"") -> 38 | B41: بازار سهيل | C41: 1273171174 | D41: ش سيدى كمال عصافرة
A42: =IF(B42<>"",ROW()-3,"") -> 39 | B42: ابو عمر | C42: 1016245270 | D42: المندرة بحري
A43: =IF(B43<>"",ROW()-3,"") -> 40 | B43: صحبة الرسول | C43: 1211086889 | D43: ش فاقوس كامب شيزار
A44: =IF(B44<>"",ROW()-3,"") -> 41 | B44: الوزان ماركت | C44: 1205955039 | D44: ش عبدالحليم محمود عصافرة
A45: 42 | B45: الراعي للمواد الغذائية | C45: 1207191183 | D45: شارع مرتضي صفر
A46: =IF(B46<>"",ROW()-3,"") -> 43 | B46: عمر الشريف | D46: ش الأدوية
A47: 44 | B47: التمساح | C47: 1280966582 | D47: ش مصطفي فهمي جليم
A48: =IF(B48<>"",ROW()-3,"") -> 45 | B48: وليد ماركت | C48: 1229363961 | D48: الابراهيمية
A49: =IF(B49<>"",ROW()-3,"") -> 46 | B49: الرضوان | C49: 1148506956 | D49: كليوباترا زنانيري
A50: =IF(B50<>"",ROW()-3,"") -> 47 | B50: البان السلاملك | D50: كليوباترا
A51: =IF(B51<>"",ROW()-3,"") -> 48 | B51: عم ايمن | C51: 1229096821 | D51: ش قيس امام سمير البحه الابراهيمية
A52: =IF(B52<>"",ROW()-3,"") -> 49 | B52: البركة | C52: 1227817010 | D52: ش كوبرى الجامعة
A53: =IF(B53<>"",ROW()-3,"") -> 50 | B53: على العطار | C53: 1112626557 | D53: سوق شيديا
A54: 51 | B54: عطارة الشهاوي | C54: 1204509018 | D54: سوق محسن خربيتها
A55: 52 | B55: الشيخ ماركت | C55: 1226230404 | D55: سوق محسن خربيتها
A56: 53 | B56: عبدالله ماركت | C56: 1228977503 | D56: الفلكي ش 10 الملك
A57: 54 | B57: السيد الصعيدي | D57: هدي الاسلام
A58: =IF(B58<>"",ROW()-3,"") -> 55 | B58: مكة ماركت | C58: 1026092823 | D58: ش عبد الحليم محمود المندرة
A59: 56 | B59: احمد ماركت | C59: 1276890966 | D59: ش شهد الملكة متفرع من رابعة الناصرية امام توكيل سكودا
A60: 57 | B60: الادهم ماركت | C60: 1223514657 | D60: ش زهرة اليازجي عصافرة
A61: =IF(B61<>"",ROW()-3,"") -> 58 | B61: عطارة المصطفي | C61: 1028858478 | D61: ش سيف بجوار قهوة صدفة
A62: =IF(B62<>"",ROW()-3,"") -> 59 | B62: عطارة الخليفة | D62: عزبة محسن
A63: =IF(B63<>"",ROW()-3,"") -> 60 | B63: ياسر | D63: عزبة محسن
A64: =IF(B64<>"",ROW()-3,"") -> 61 | B64: عم احمد | D64: خورشيد
A65: =IF(B65<>"",ROW()-3,"") -> 62 | B65: ألبان الشيخ 45 | C65: 1000490488 | D65: ش الجيش 45 قبلي
A66: =IF(B66<>"",ROW()-3,"") -> 63 | B66: المنان ماركت | C66: 1220563630 | D66: الابراهيمية ش بور سعيد
A67: =IF(B67<>"",ROW()-3,"") -> 64 | B67: الملوانى | C67: 1271701484 | D67: ش عمر المختار جناكليس
A68: =IF(B68<>"",ROW()-3,"") -> 65 | B68: البان فهمي | C68: 1272284490 | D68: ش كنيسة اورام جناكليس
A69: =IF(B69<>"",ROW()-3,"") -> 66 | B69: الانصاري ماركت | C69: 1110930103 | D69: ش قيس امام سمير البحه الابراهيمية
A70: =IF(B70<>"",ROW()-3,"") -> 67 | B70: شيديا ماركت | C70: 1283630224 | D70: ش سوق شيديا بعد جزارة حجازي الابراهيميه
A71: =IF(B71<>"",ROW()-3,"") -> 68 | B71: البان الصالحين | C71: 1016107830 | D71: ش سيف ترام كليوباترا زنانيري
A72: =IF(B72<>"",ROW()-3,"") -> 69 | B72: سعيد العطار | C72: 1143316683 | D72: اول سوق زنانيري
A73: =IF(B73<>"",ROW()-3,"") -> 70 | B73: عطارة الطيب | C73: 1097113171 | D73: اول سوق زنانيري
A74: =IF(B74<>"",ROW()-3,"") -> 71 | B74: مدينة البان شاهين | C74: 1128998384 | D74: ش خربيتها اول نمره 2 محسن
A75: =IF(B75<>"",ROW()-3,"") -> 72 | B75: سي السيد | D75: ش الصداقة امام المسجد
A76: =IF(B76<>"",ROW()-3,"") -> 73 | B76: بازار كارما | C76: 1204831212 | D76: ش سيدي كمال عصافرة
A77: =IF(B77<>"",ROW()-3,"") -> 74 | B77: ابراهيم العرجاوى | C77: 1283901928 | D77: عزبة محسن
A78: =IF(B78<>"",ROW()-3,"") -> 75 | B78: الحمد | C78: 1210831310 | D78: سيدي بشر ش الأمان خلف الصرف الصحي
A79: =IF(B79<>"",ROW()-3,"") -> 76 | B79: البرعصى | D79: ش 17 من جمال عبدالناصر سيدي بشر
A80: =IF(B80<>"",ROW()-3,"") -> 77 | B80: بازار المتوكل | D80: ش الامام زين العابدين امام مستشفى جيهان
A81: =IF(B81<>"",ROW()-3,"") -> 78 | B81: غانم العطار | C81: 1226208701 | D81: ش عبدالله عبدالمحسن سيدى بشر بحري
A82: =IF(B82<>"",ROW()-3,"") -> 79 | B82: الفتح ماركت | C82: 1281209159 | D82: ش عبدالله عبدالمحسن سيدى بشر بحري (المحمره)
A83: =IF(B83<>"",ROW()-3,"") -> 80 | B83: اسواق المصري | C83: 1026361733 | D83: ش ابراهيم العطار زيزينيا
A84: =IF(B84<>"",ROW()-3,"") -> 81 | B84: دوار يونس | C84: 1212348921 | D84: ش مرتضي صفر
A85: =IF(B85<>"",ROW()-3,"") -> 82 | B85: غانم ماركت | C85: 1022246860 | D85: ش الامام زين العابدين امام مستشفى جيهان
A86: =IF(B86<>"",ROW()-3,"") -> 83 | B86: أسواق اللؤلؤة | C86: 1144080666 | D86: ش مرتضي شدس
A87: =IF(B87<>"",ROW()-3,"") -> 84 | B87: اسلام العطار | C87: 1067546017 | D87: ش 16 الملك الفلكي
A88: =IF(B88<>"",ROW()-3,"") -> 85 | B88: ألبان هارون | C88: 1012118090 | D88: اول سوق زنانيري ترام
A89: =IF(B89<>"",ROW()-3,"") -> 86 | B89: الصفا والمروة | C89: 1221552905 | D89: ش 62 بشر قبلي
A90: =IF(B90<>"",ROW()-3,"") -> 87 | B90: المدينة المنورة ماركت | C90: 1065407871 | D90: ش فيصل 45 قبلي
A91: =IF(B91<>"",ROW()-3,"") -> 88 | B91: ألبان الفتح 45 | C91: 1212111294 | D91: ش 17 بعد قهوة ابناء سوهاج 45 قبلي
A92: =IF(B92<>"",ROW()-3,"") -> 89 | B92: أولاد ابو الحسن ماركت | C92: 1277710989 | D92: ش 18 من ش المني 45 قبلي
... A148: =IF(B148<>"",ROW()-3,"") -> 145 | B148: ميني ماركت بوريو | C148: 1121889611 | D148: ش ادريس المندرة قبل ش عبد الحليم محمود
A149: =IF(B149<>"",ROW()-3,"") -> 146 | B149: عطارة الهنا | D149: ش الادوية سيدي بشر
A150: =IF(B150<>"",ROW()-3,"") -> 147 | B150: شعبان | D150: عزبة محسن
A151: =IF(B151<>"",ROW()-3,"") -> 148 | B151: الرجال | C151: 1225257294 | D151: متفرع من ش القاهرة خلف كشري هدير
A152: =IF(B152<>"",ROW()-3,"") -> 149 | B152: يونس | C152: 1156283953 | D152: ش سيدي كمال عصافرة
A153: =IF(B153<>"",ROW()-3,"") -> 150 | B153: جاد ماركت | D153: ش اطلس ميامي
A154: =IF(B154<>"",ROW()-3,"")
A155: =IF(B155<>"",ROW()-3,"")
A156: =IF(B156<>"",ROW()-3,"")
A157: =IF(B157<>"",ROW()-3,"")
...

Sheet سجل الموردين
A3: كود المورد | B3: اسم المورد | C3: رقم الهاتف | D3: العنوان | E3: هاتف 2 | F3: هاتف 3 | G3: البريد الاليكتروني
A4: =IF(B4<>"",ROW()-3,"") -> 1 | B4: شركة البروج للصناعات الغذائية | C4: 1206706540
A5: =IF(B5<>"",ROW()-3,"") -> 2 | B5: شركة نور المصطفى | C5: 1226949663
A6: =IF(B6<>"",ROW()-3,"") -> 3 | B6: شركة المتكاملة | C6: 1223844448
A7: =IF(B7<>"",ROW()-3,"") -> 4 | B7: ايه زد جروب | C7: 1152074440
A8: =IF(B8<>"",ROW()-3,"") -> 5 | B8: شركة الايمان
A9: =IF(B9<>"",ROW()-3,"") -> 6 | B9: مطاحن نوفا
A10: =IF(B10<>"",ROW()-3,"") -> 7 | B10: شركة حواء
A11: =IF(B11<>"",ROW()-3,"") -> 8 | B11: شركة منصور
A12: =IF(B12<>"",ROW()-3,"") -> 9 | B12: الراوى دريم
A13: =IF(B13<>"",ROW()-3,"") -> 10 | B13: مليكة
A14: =IF(B14<>"",ROW()-3,"") -> 11 | B14: هاينز
A15: =IF(B15<>"",ROW()-3,"") -> 12 | B15: شركة ميلانو للاغذية
A16: =IF(B16<>"",ROW()-3,"") -> 13 | B16: شركة حبه حبه
A17: =IF(B17<>"",ROW()-3,"") -> 14 | B17: شركة تايجر
A18: =IF(B18<>"",ROW()-3,"") -> 15 | B18: شركة اندومي
A19: =IF(B19<>"",ROW()-3,"") -> 16 | B19: شركة أبو العلا
... A22: =IF(B22<>"",ROW()-3,"") -> 19 | B22: شركة احمد الشيخ
A23: =IF(B23<>"",ROW()-3,"")
A24: =IF(B24<>"",ROW()-3,"")
A25: =IF(B25<>"",ROW()-3,"")
A26: =IF(B26<>"",ROW()-3,"")
A27: =IF(B27<>"",ROW()-3,"")
A28: =IF(B28<>"",ROW()-3,"")
A29: =IF(B29<>"",ROW()-3,"")
A30: =IF(B30<>"",ROW()-3,"")
A31: =IF(B31<>"",ROW()-3,"")
A32: =IF(B32<>"",ROW()-3,"")
A33: =IF(B33<>"",ROW()-3,"")
A34: =IF(B34<>"",ROW()-3,"")
... A1003: =IF(B1003<>"",ROW()-3,"")

Sheet سجل الوارد 
A1: م | B1: كود الصنف | C1: اسم الصنف | D1: الوحدة | E1: الكمية | F1: السعر | G1: القيمة | H1: كود المورد | I1: اسم المورد | J1: رقم فاتورة الشراء
A2: 1 | B2: 1 | C2: =IFERROR(VLOOKUP(B2,'اكواد الاصناف'!A:B,2,0),"") -> ارز نور المصطفى طبيعى 25 ك | D2: =IFERROR(VLOOKUP(B2,'اكواد الاصناف'!A:C,3,0),"") -> شيكارة | E2: 0 | G2: =E2*F2 -> 0 | I2: =IFERROR(VLOOKUP(H2,'سجل الموردين'!A:B,2,0),"")
A3: 2 | B3: 2 | C3: =IFERROR(VLOOKUP(B3,'اكواد الاصناف'!A:B,2,0),"") -> ارز نور المصطفى زيت 25 ك | D3: =IFERROR(VLOOKUP(B3,'اكواد الاصناف'!A:C,3,0),"") -> شيكارة | E3: 0 | G3: =E3*F3 -> 0 | I3: =IFERROR(VLOOKUP(H3,'سجل الموردين'!A:B,2,0),"")
A4: 3 | B4: 3 | C4: =IFERROR(VLOOKUP(B4,'اكواد الاصناف'!A:B,2,0),"") -> ارز نور المصطفى طبيعى 10 ك | D4: =IFERROR(VLOOKUP(B4,'اكواد الاصناف'!A:C,3,0),"") -> شيكارة | E4: 0 | G4: =E4*F4 -> 0 | I4: =IFERROR(VLOOKUP(H4,'سجل الموردين'!A:B,2,0),"")
A5: 4 | B5: 4 | C5: =IFERROR(VLOOKUP(B5,'اكواد الاصناف'!A:B,2,0),"") -> ارز نور المصطفى زيت 10 ك | D5: =IFERROR(VLOOKUP(B5,'اكواد الاصناف'!A:C,3,0),"") -> شيكارة | E5: 0 | G5: =E5*F5 -> 0 | I5: =IFERROR(VLOOKUP(H5,'سجل الموردين'!A:B,2,0),"")
A6: 5 | B6: 5 | C6: =IFERROR(VLOOKUP(B6,'اكواد الاصناف'!A:B,2,0),"") -> ارز بسمتي سيلا 10 ك | D6: =IFERROR(VLOOKUP(B6,'اكواد الاصناف'!A:C,3,0),"") -> شيكارة | E6: 46 | G6: =E6*F6 -> 0 | I6: =IFERROR(VLOOKUP(H6,'سجل الموردين'!A:B,2,0),"")
A7: 6 | B7: 6 | C7: =IFERROR(VLOOKUP(B7,'اكواد الاصناف'!A:B,2,0),"") -> ارز بسمتي عروسة 10 ك | D7: =IFERROR(VLOOKUP(B7,'اكواد الاصناف'!A:C,3,0),"") -> شيكارة | E7: 54 | G7: =E7*F7 -> 0 | I7: =IFERROR(VLOOKUP(H7,'سجل الموردين'!A:B,2,0),"")
A8: 7 | B8: 7 | C8: =IFERROR(VLOOKUP(B8,'اكواد الاصناف'!A:B,2,0),"") -> ارز الساعة 1 ك ( كرتونة 10 كيس) | D8: =IFERROR(VLOOKUP(B8,'اكواد الاصناف'!A:C,3,0),"") -> كرتونة | E8: 4 | G8: =E8*F8 -> 0 | I8: =IFERROR(VLOOKUP(H8,'سجل الموردين'!A:B,2,0),"")
A9: 8 | B9: 8 | C9: =IFERROR(VLOOKUP(B9,'اكواد الاصناف'!A:B,2,0),"") -> ارز الساعة 5 ك ( كرتونة 2 كيس ) | D9: =IFERROR(VLOOKUP(B9,'اكواد الاصناف'!A:C,3,0),"") -> كرتونة | E9: 2 | G9: =E9*F9 -> 0 | I9: =IFERROR(VLOOKUP(H9,'سجل الموردين'!A:B,2,0),"")
A10: 9 | B10: 9 | C10: =IFERROR(VLOOKUP(B10,'اكواد الاصناف'!A:B,2,0),"") -> ارز الضحي 1 ك | D10: =IFERROR(VLOOKUP(B10,'اكواد الاصناف'!A:C,3,0),"") -> بالتة | E10: 4 | G10: =E10*F10 -> 0 | I10: =IFERROR(VLOOKUP(H10,'سجل الموردين'!A:B,2,0),"")
A11: 10 | B11: 10 | C11: =IFERROR(VLOOKUP(B11,'اكواد الاصناف'!A:B,2,0),"") -> ارز مليكة 1 ك | D11: =IFERROR(VLOOKUP(B11,'اكواد الاصناف'!A:C,3,0),"") -> بالتة | E11: 8 | G11: =E11*F11 -> 0 | I11: =IFERROR(VLOOKUP(H11,'سجل الموردين'!A:B,2,0),"")
A12: 11 | B12: 11 | C12: =IFERROR(VLOOKUP(B12,'اكواد الاصناف'!A:B,2,0),"") -> سكر معبأ 20 كيس | D12: =IFERROR(VLOOKUP(B12,'اكواد الاصناف'!A:C,3,0),"") -> بالتة | E12: 62 | G12: =E12*F12 -> 0 | I12: =IFERROR(VLOOKUP(H12,'سجل الموردين'!A:B,2,0),"")
A13: 12 | B13: 12 | C13: =IFERROR(VLOOKUP(B13,'اكواد الاصناف'!A:B,2,0),"") -> عدس اصفر معبأ حبة حبة 1 ك | D13: =IFERROR(VLOOKUP(B13,'اكواد الاصناف'!A:C,3,0),"") -> بالتة | E13: 0 | G13: =E13*F13 -> 0 | I13: =IFERROR(VLOOKUP(H13,'سجل الموردين'!A:B,2,0),"")
... A446: 445 | B446: 445 | C446: =IFERROR(VLOOKUP(B446,'اكواد الاصناف'!A:B,2,0),"") -> فلفل فيتنامي حصي | D446: =IFERROR(VLOOKUP(B446,'اكواد الاصناف'!A:C,3,0),"") -> كيلو | E446: 215.3 | G446: =E446*F446 -> 0 | I446: =IFERROR(VLOOKUP(H446,'سجل الموردين'!A:B,2,0),"")
A447: 446 | B447: 446 | C447: =IFERROR(VLOOKUP(B447,'اكواد الاصناف'!A:B,2,0),"") -> فلفل فيتنامي ناعم | D447: =IFERROR(VLOOKUP(B447,'اكواد الاصناف'!A:C,3,0),"") -> كيلو | G447: =E447*F447 -> 0 | I447: =IFERROR(VLOOKUP(H447,'سجل الموردين'!A:B,2,0),"")
A448: 447 | B448: 447 | C448: =IFERROR(VLOOKUP(B448,'اكواد الاصناف'!A:B,2,0),"") -> فلفل برازيلي حصي | D448: =IFERROR(VLOOKUP(B448,'اكواد الاصناف'!A:C,3,0),"") -> كيلو | G448: =E448*F448 -> 0 | I448: =IFERROR(VLOOKUP(H448,'سجل الموردين'!A:B,2,0),"")
A449: 448 | B449: 448 | C449: =IFERROR(VLOOKUP(B449,'اكواد الاصناف'!A:B,2,0),"") -> فلفل برازيلي ناعم | D449: =IFERROR(VLOOKUP(B449,'اكواد الاصناف'!A:C,3,0),"") -> كيلو | E449: 0 | G449: =E449*F449 -> 0 | I449: =IFERROR(VLOOKUP(H449,'سجل الموردين'!A:B,2,0),"")
A450: 449 | B450: 449 | C450: =IFERROR(VLOOKUP(B450,'اكواد الاصناف'!A:B,2,0),"") -> كمون بلدي حصي | D450: =IFERROR(VLOOKUP(B450,'اكواد الاصناف'!A:C,3,0),"") -> كيلو | G450: =E450*F450 -> 0 | I450: =IFERROR(VLOOKUP(H450,'سجل الموردين'!A:B,2,0),"")
A451: 450 | B451: 450 | C451: =IFERROR(VLOOKUP(B451,'اكواد الاصناف'!A:B,2,0),"") -> كمون بلدي ناعم | D451: =IFERROR(VLOOKUP(B451,'اكواد الاصناف'!A:C,3,0),"") -> كيلو | G451: =E451*F451 -> 0 | I451: =IFERROR(VLOOKUP(H451,'سجل الموردين'!A:B,2,0),"")
A452: 451 | B452: 451 | C452: =IFERROR(VLOOKUP(B452,'اكواد الاصناف'!A:B,2,0),"") -> كزبرة سوري حصي | D452: =IFERROR(VLOOKUP(B452,'اكواد الاصناف'!A:C,3,0),"") -> كيلو | G452: =E452*F452 -> 0 | I452: =IFERROR(VLOOKUP(H452,'سجل الموردين'!A:B,2,0),"")
A453: 452 | B453: 452 | C453: =IFERROR(VLOOKUP(B453,'اكواد الاصناف'!A:B,2,0),"") -> كزبرة سوري ناعم | D453: =IFERROR(VLOOKUP(B453,'اكواد الاصناف'!A:C,3,0),"") -> كيلو | E453: 0 | G453: =E453*F453 -> 0 | I453: =IFERROR(VLOOKUP(H453,'سجل الموردين'!A:B,2,0),"")
A454: 453 | B454: 453 | C454: =IFERROR(VLOOKUP(B454,'اكواد الاصناف'!A:B,2,0),"") -> كركم هندي ناعم | D454: =IFERROR(VLOOKUP(B454,'اكواد الاصناف'!A:C,3,0),"") -> كيلو | E454: 14 | G454: =E454*F454 -> 0 | I454: =IFERROR(VLOOKUP(H454,'سجل الموردين'!A:B,2,0),"")
A455: 454 | B455: 454 | C455: =IFERROR(VLOOKUP(B455,'اكواد الاصناف'!A:B,2,0),"") -> شمر | D455: =IFERROR(VLOOKUP(B455,'اكواد الاصناف'!A:C,3,0),"") -> كيلو | E455: 0 | G455: =E455*F455 -> 0 | I455: =IFERROR(VLOOKUP(H455,'سجل الموردين'!A:B,2,0),"")
A456: 455 | B456: 455 | C456: =IFERROR(VLOOKUP(B456,'اكواد الاصناف'!A:B,2,0),"") -> ينسون بلدي مغربل | D456: =IFERROR(VLOOKUP(B456,'اكواد الاصناف'!A:C,3,0),"") -> كيلو | E456: 39.7 | G456: =E456*F456 -> 0 | I456: =IFERROR(VLOOKUP(H456,'سجل الموردين'!A:B,2,0),"")
A457: 456 | B457: 456 | C457: =IFERROR(VLOOKUP(B457,'اكواد الاصناف'!A:B,2,0),"") -> ينسون نجمة | D457: =IFERROR(VLOOKUP(B457,'اكواد الاصناف'!A:C,3,0),"") -> كيلو | E457: 0 | G457: =E457*F457 -> 0 | I457: =IFERROR(VLOOKUP(H457,'سجل الموردين'!A:B,2,0),"")
A458: 457 | B458: 457 | C458: =IFERROR(VLOOKUP(B458,'اكواد الاصناف'!A:B,2,0),"") -> حبة البركة | D458: =IFERROR(VLOOKUP(B458,'اكواد الاصناف'!A:C,3,0),"") -> كيلو | E458: 4.5 | G458: =E458*F458 -> 0 | I458: =IFERROR(VLOOKUP(H458,'سجل الموردين'!A:B,2,0),"")
A459: 458 | B459: 458 | C459: =IFERROR(VLOOKUP(B459,'اكواد الاصناف'!A:B,2,0),"") -> جوزة الطيب | D459: =IFERROR(VLOOKUP(B459,'اكواد الاصناف'!A:C,3,0),"") -> كيلو | E459: 0 | G459: =E459*F459 -> 0 | I459: =IFERROR(VLOOKUP(H459,'سجل الموردين'!A:B,2,0),"")
A460: 459 | B460: 459 | C460: =IFERROR(VLOOKUP(B460,'اكواد الاصناف'!A:B,2,0),"") -> حبهان وسط | D460: =IFERROR(VLOOKUP(B460,'اكواد الاصناف'!A:C,3,0),"") -> كيلو | E460: 0 | G460: =E460*F460 -> 0 | I460: =IFERROR(VLOOKUP(H460,'سجل الموردين'!A:B,2,0),"")
A461: 460 | B461: 460 | C461: =IFERROR(VLOOKUP(B461,'اكواد الاصناف'!A:B,2,0),"") -> قرفة سيجار | D461: =IFERROR(VLOOKUP(B461,'اكواد الاصناف'!A:C,3,0),"") -> كيلو | E461: 12 | G461: =E461*F461 -> 0 | I461: =IFERROR(VLOOKUP(H461,'سجل الموردين'!A:B,2,0),"")
A462: 461 | B462: 461 | C462: =IFERROR(VLOOKUP(B462,'اكواد الاصناف'!A:B,2,0),"") -> قرفة ناعمه | D462: =IFERROR(VLOOKUP(B462,'اكواد الاصناف'!A:C,3,0),"") -> كيلو | E462: 14 | G462: =E462*F462 -> 0 | I462: =IFERROR(VLOOKUP(H462,'سجل الموردين'!A:B,2,0),"")
A463: 462 | B463: 462 | C463: =IFERROR(VLOOKUP(B463,'اكواد الاصناف'!A:B,2,0),"") -> ورق لوري مقرطف | D463: =IFERROR(VLOOKUP(B463,'اكواد الاصناف'!A:C,3,0),"") -> كيلو | E463: 5.9 | G463: =E463*F463 -> 0 | I463: =IFERROR(VLOOKUP(H463,'سجل الموردين'!A:B,2,0),"")
A464: 463 | B464: 463 | C464: =IFERROR(VLOOKUP(B464,'اكواد الاصناف'!A:B,2,0),"") -> ليمون ناشف أسود | D464: =IFERROR(VLOOKUP(B464,'اكواد الاصناف'!A:C,3,0),"") -> كيلو | E464: 17 | G464: =E464*F464 -> 0 | I464: =IFERROR(VLOOKUP(H464,'سجل الموردين'!A:B,2,0),"")
... A467: 466 | B467: 466 | C467: =IFERROR(VLOOKUP(B467,'اكواد الاصناف'!A:B,2,0),"") -> سلمكة قرن | D467: =IFERROR(VLOOKUP(B467,'اكواد الاصناف'!A:C,3,0),"") -> كيلو | E467: 0 | G467: =E467*F467 -> 0 | I467: =IFERROR(VLOOKUP(H467,'سجل الموردين'!A:B,2,0),"")
A468: 467 | B468: 467 | C468: =IFERROR(VLOOKUP(B468,'اكواد الاصناف'!A:B,2,0),"") -> زنجبيل ناعم | D468: =IFERROR(VLOOKUP(B468,'اكواد الاصناف'!A:C,3,0),"") -> كيلو | G468: =E468*F468 -> 0 | I468: =IFERROR(VLOOKUP(H468,'سجل الموردين'!A:B,2,0),"")
A469: 468 | B469: 468 | C469: =IFERROR(VLOOKUP(B469,'اكواد الاصناف'!A:B,2,0),"") -> روزماري (حصي لبان 1) | D469: =IFERROR(VLOOKUP(B469,'اكواد الاصناف'!A:C,3,0),"") -> كيلو | E469: 0 | G469: =E469*F469 -> 0 | I469: =IFERROR(VLOOKUP(H469,'سجل الموردين'!A:B,2,0),"")
A470: 469 | B470: 469 | C470: =IFERROR(VLOOKUP(B470,'اكواد الاصناف'!A:B,2,0),"") -> بردقوش | D470: =IFERROR(VLOOKUP(B470,'اكواد الاصناف'!A:C,3,0),"") -> كيلو | E470: 0 | G470: =E470*F470 -> 0 | I470: =IFERROR(VLOOKUP(H470,'سجل الموردين'!A:B,2,0),"")
A471: 470 | B471: 470 | C471: =IFERROR(VLOOKUP(B471,'اكواد الاصناف'!A:B,2,0),"") -> زعتر بلدي أخضر وسط | D471: =IFERROR(VLOOKUP(B471,'اكواد الاصناف'!A:C,3,0),"") -> كيلو | E471: 0 | G471: =E471*F471 -> 0 | I471: =IFERROR(VLOOKUP(H471,'سجل الموردين'!A:B,2,0),"")
A472: 471 | B472: 471 | C472: =IFERROR(VLOOKUP(B472,'اكواد الاصناف'!A:B,2,0),"") -> زر ورد باكستاني | D472: =IFERROR(VLOOKUP(B472,'اكواد الاصناف'!A:C,3,0),"") -> كيلو | E472: 0 | G472: =E472*F472 -> 0 | I472: =IFERROR(VLOOKUP(H472,'سجل الموردين'!A:B,2,0),"")
A473: 472 | B473: 472 | C473: =IFERROR(VLOOKUP(B473,'اكواد الاصناف'!A:B,2,0),"") -> ببريكا صيني | D473: =IFERROR(VLOOKUP(B473,'اكواد الاصناف'!A:C,3,0),"") -> كيلو | E473: 13 | G473: =E473*F473 -> 0 | I473: =IFERROR(VLOOKUP(H473,'سجل الموردين'!A:B,2,0),"")
A474: 473 | B474: 473 | C474: =IFERROR(VLOOKUP(B474,'اكواد الاصناف'!A:B,2,0),"") -> كربوناته تركي | D474: =IFERROR(VLOOKUP(B474,'اكواد الاصناف'!A:C,3,0),"") -> كيلو | G474: =E474*F474 -> 0 | I474: =IFERROR(VLOOKUP(H474,'سجل الموردين'!A:B,2,0),"")
A475: 474 | B475: 474 | C475: =IFERROR(VLOOKUP(B475,'اكواد الاصناف'!A:B,2,0),"") -> ملح ليمون | D475: =IFERROR(VLOOKUP(B475,'اكواد الاصناف'!A:C,3,0),"") -> كيلو | E475: 19 | G475: =E475*F475 -> 0 | I475: =IFERROR(VLOOKUP(H475,'سجل الموردين'!A:B,2,0),"")
A476: 475 | B476: 475 | C476: =IFERROR(VLOOKUP(B476,'اكواد الاصناف'!A:B,2,0),"") -> نشادر | D476: =IFERROR(VLOOKUP(B476,'اكواد الاصناف'!A:C,3,0),"") -> كيلو | E476: 0 | G476: =E476*F476 -> 0 | I476: =IFERROR(VLOOKUP(H476,'سجل الموردين'!A:B,2,0),"")
A477: 476 | B477: 476 | C477: =IFERROR(VLOOKUP(B477,'اكواد الاصناف'!A:B,2,0),"") -> لبان دكر نمرة 1 | D477: =IFERROR(VLOOKUP(B477,'اكواد الاصناف'!A:C,3,0),"") -> كيلو | G477: =E477*F477 -> 0 | I477: =IFERROR(VLOOKUP(H477,'سجل الموردين'!A:B,2,0),"")
A478: 477 | B478: 477 | C478: =IFERROR(VLOOKUP(B478,'اكواد الاصناف'!A:B,2,0),"") -> بذور شيا | D478: =IFERROR(VLOOKUP(B478,'اكواد الاصناف'!A:C,3,0),"") -> كيلو | E478: 0 | G478: =E478*F478 -> 0 | I478: =IFERROR(VLOOKUP(H478,'سجل الموردين'!A:B,2,0),"")
A479: 478 | B479: 478 | C479: =IFERROR(VLOOKUP(B479,'اكواد الاصناف'!A:B,2,0),"") -> بذر كتان | D479: =IFERROR(VLOOKUP(B479,'اكواد الاصناف'!A:C,3,0),"") -> كيلو | E479: 0 | G479: =E479*F479 -> 0 | I479: =IFERROR(VLOOKUP(H479,'سجل الموردين'!A:B,2,0),"")
A480: 479 | B480: 479 | C480: =IFERROR(VLOOKUP(B480,'اكواد الاصناف'!A:B,2,0),"") -> حب الرشاد | D480: =IFERROR(VLOOKUP(B480,'اكواد الاصناف'!A:C,3,0),"") -> كيلو | G480: =E480*F480 -> 0 | I480: =IFERROR(VLOOKUP(H480,'سجل الموردين'!A:B,2,0),"")
A481: 480 | B481: 480 | C481: =IFERROR(VLOOKUP(B481,'اكواد الاصناف'!A:B,2,0),"") -> خردل نمرة 1 | D481: =IFERROR(VLOOKUP(B481,'اكواد الاصناف'!A:C,3,0),"") -> كيلو | E481: 0 | G481: =E481*F481 -> 0 | I481: =IFERROR(VLOOKUP(H481,'سجل الموردين'!A:B,2,0),"")
A482: 481 | B482: 481 | C482: =IFERROR(VLOOKUP(B482,'اكواد الاصناف'!A:B,2,0),"") -> بصل بودر | D482: =IFERROR(VLOOKUP(B482,'اكواد الاصناف'!A:C,3,0),"") -> كيلو | E482: 9 | G482: =E482*F482 -> 0 | I482: =IFERROR(VLOOKUP(H482,'سجل الموردين'!A:B,2,0),"")
A483: 482 | B483: 482 | C483: =IFERROR(VLOOKUP(B483,'اكواد الاصناف'!A:B,2,0),"") -> بصل بودر مستورد | D483: =IFERROR(VLOOKUP(B483,'اكواد الاصناف'!A:C,3,0),"") -> كيلو | E483: 4 | G483: =E483*F483 -> 0 | I483: =IFERROR(VLOOKUP(H483,'سجل الموردين'!A:B,2,0),"")
A484: 483 | B484: 483 | C484: =IFERROR(VLOOKUP(B484,'اكواد الاصناف'!A:B,2,0),"") -> ثوم بودر | D484: =IFERROR(VLOOKUP(B484,'اكواد الاصناف'!A:C,3,0),"") -> كيلو | E484: 8 | G484: =E484*F484 -> 0 | I484: =IFERROR(VLOOKUP(H484,'سجل الموردين'!A:B,2,0),"")
A485: 484 | B485: 484 | C485: =IFERROR(VLOOKUP(B485,'اكواد الاصناف'!A:B,2,0),"") -> ثوم بودر مستورد | D485: =IFERROR(VLOOKUP(B485,'اكواد الاصناف'!A:C,3,0),"") -> كيلو | E485: 5 | G485: =E485*F485 -> 0 | I485: =IFERROR(VLOOKUP(H485,'سجل الموردين'!A:B,2,0),"")
A486: 485 | B486: 485 | C486: =IFERROR(VLOOKUP(B486,'اكواد الاصناف'!A:B,2,0),"") -> شطة صعيدي | D486: =IFERROR(VLOOKUP(B486,'اكواد الاصناف'!A:C,3,0),"") -> كيلو | G486: =E486*F486 -> 0 | I486: =IFERROR(VLOOKUP(H486,'سجل الموردين'!A:B,2,0),"")
A487: 486 | B487: 486 | C487: =IFERROR(VLOOKUP(B487,'اكواد الاصناف'!A:B,2,0),"") -> خلطة بهارات نمرة 1 لحمة | D487: =IFERROR(VLOOKUP(B487,'اكواد الاصناف'!A:C,3,0),"") -> كيلو | E487: 24 | G487: =E487*F487 -> 0 | I487: =IFERROR(VLOOKUP(H487,'سجل الموردين'!A:B,2,0),"")
A488: 487 | B488: 487 | C488: =IFERROR(VLOOKUP(B488,'اكواد الاصناف'!A:B,2,0),"") -> ملح صيني | D488: =IFERROR(VLOOKUP(B488,'اكواد الاصناف'!A:C,3,0),"") -> كيلو | E488: 0 | G488: =E488*F488 -> 0 | I488: =IFERROR(VLOOKUP(H488,'سجل الموردين'!A:B,2,0),"")
A489: 488 | B489: 488 | C489: =IFERROR(VLOOKUP(B489,'اكواد الاصناف'!A:B,2,0),"") -> حنه أسواني (الأمين) | D489: =IFERROR(VLOOKUP(B489,'اكواد الاصناف'!A:C,3,0),"") -> كيلو | E489: 20.75 | G489: =E489*F489 -> 0 | I489: =IFERROR(VLOOKUP(H489,'سجل الموردين'!A:B,2,0),"")
A490: 489 | B490: 489 | C490: =IFERROR(VLOOKUP(B490,'اكواد الاصناف'!A:B,2,0),"") -> حلبة بلدي | D490: =IFERROR(VLOOKUP(B490,'اكواد الاصناف'!A:C,3,0),"") -> كيلو | G490: =E490*F490 -> 0 | I490: =IFERROR(VLOOKUP(H490,'سجل الموردين'!A:B,2,0),"")
A491: 490 | B491: 490 | C491: =IFERROR(VLOOKUP(B491,'اكواد الاصناف'!A:B,2,0),"") -> سوبيا | D491: =IFERROR(VLOOKUP(B491,'اكواد الاصناف'!A:C,3,0),"") -> كيلو | E491: 0 | G491: =E491*F491 -> 0 | I491: =IFERROR(VLOOKUP(H491,'سجل الموردين'!A:B,2,0),"")
A492: 491 | B492: 491 | C492: =IFERROR(VLOOKUP(B492,'اكواد الاصناف'!A:B,2,0),"") -> شيكولاته بيضاء (شوكو شامبيون) 2.5 ك | D492: =IFERROR(VLOOKUP(B492,'اكواد الاصناف'!A:C,3,0),"") -> قوالب | E492: 0 | G492: =E492*F492 -> 0 | I492: =IFERROR(VLOOKUP(H492,'سجل الموردين'!A:B,2,0),"")
A493: 492 | B493: 492 | C493: =IFERROR(VLOOKUP(B493,'اكواد الاصناف'!A:B,2,0),"") -> فيجتار رؤى بارد 10ك | D493: =IFERROR(VLOOKUP(B493,'اكواد الاصناف'!A:C,3,0),"") -> شيكارة | G493: =E493*F493 -> 0 | I493: =IFERROR(VLOOKUP(H493,'سجل الموردين'!A:B,2,0),"")
A494: 493 | B494: 493 | C494: =IFERROR(VLOOKUP(B494,'اكواد الاصناف'!A:B,2,0),"") -> فيجتار رؤى حار 10ك | D494: =IFERROR(VLOOKUP(B494,'اكواد الاصناف'!A:C,3,0),"") -> شيكارة | E494: 0 | G494: =E494*F494 -> 0 | I494: =IFERROR(VLOOKUP(H494,'سجل الموردين'!A:B,2,0),"")
A495: 494 | B495: 494 | C495: =IFERROR(VLOOKUP(B495,'اكواد الاصناف'!A:B,2,0),"") -> كاري ناعم | D495: =IFERROR(VLOOKUP(B495,'اكواد الاصناف'!A:C,3,0),"") -> كيلو | G495: =E495*F495 -> 0 | I495: =IFERROR(VLOOKUP(H495,'سجل الموردين'!A:B,2,0),"")
A496: 495 | B496: 495 | C496: =IFERROR(VLOOKUP(B496,'اكواد الاصناف'!A:B,2,0),"") -> جيلاتين | D496: =IFERROR(VLOOKUP(B496,'اكواد الاصناف'!A:C,3,0),"") -> كيلو | E496: 0 | G496: =E496*F496 -> 0 | I496: =IFERROR(VLOOKUP(H496,'سجل الموردين'!A:B,2,0),"")
A497: 496 | B497: 496 | C497: =IFERROR(VLOOKUP(B497,'اكواد الاصناف'!A:B,2,0),"") -> خلطة بهارات نمرة 1 فراخ | D497: =IFERROR(VLOOKUP(B497,'اكواد الاصناف'!A:C,3,0),"") -> كيلو | E497: 0 | G497: =E497*F497 -> 0 | I497: =IFERROR(VLOOKUP(H497,'سجل الموردين'!A:B,2,0),"")
A498: 497 | B498: 497 | C498: =IFERROR(VLOOKUP(B498,'اكواد الاصناف'!A:B,2,0),"") -> سمسم ابيض | D498: =IFERROR(VLOOKUP(B498,'اكواد الاصناف'!A:C,3,0),"") -> كيلو | E498: 0 | G498: =E498*F498 -> 0 | I498: =IFERROR(VLOOKUP(H498,'سجل الموردين'!A:B,2,0),"")
A499: 498 | B499: 498 | C499: =IFERROR(VLOOKUP(B499,'اكواد الاصناف'!A:B,2,0),"") -> سمسم احمر | D499: =IFERROR(VLOOKUP(B499,'اكواد الاصناف'!A:C,3,0),"") -> كيلو | E499: 0 | G499: =E499*F499 -> 0 | I499: =IFERROR(VLOOKUP(H499,'سجل الموردين'!A:B,2,0),"")
A500: 499 | B500: 499 | C500: =IFERROR(VLOOKUP(B500,'اكواد الاصناف'!A:B,2,0),"") -> عصفر | D500: =IFERROR(VLOOKUP(B500,'اكواد الاصناف'!A:C,3,0),"") -> كيلو | E500: 0 | G500: =E500*F500 -> 0 | I500: =IFERROR(VLOOKUP(H500,'سجل الموردين'!A:B,2,0),"")
A501: 500 | B501: 500 | C501: =IFERROR(VLOOKUP(B501,'اكواد الاصناف'!A:B,2,0),"") -> شاي أبوالعلا أخضر 250 جم | D501: =IFERROR(VLOOKUP(B501,'اكواد الاصناف'!A:C,3,0),"") -> كيلو | G501: =E501*F501 -> 0 | I501: =IFERROR(VLOOKUP(H501,'سجل الموردين'!A:B,2,0),"")
A502: 501 | B502: 501 | C502: =IFERROR(VLOOKUP(B502,'اكواد الاصناف'!A:B,2,0),"") -> شاي أبوالعلا أخضر 100 جم | D502: =IFERROR(VLOOKUP(B502,'اكواد الاصناف'!A:C,3,0),"") -> كيلو | G502: =E502*F502 -> 0 | I502: =IFERROR(VLOOKUP(H502,'سجل الموردين'!A:B,2,0),"")
A503: 502 | B503: 502 | C503: =IFERROR(VLOOKUP(B503,'اكواد الاصناف'!A:B,2,0),"") -> ملوخية ناشفة | D503: =IFERROR(VLOOKUP(B503,'اكواد الاصناف'!A:C,3,0),"") -> كيلو | E503: 0 | G503: =E503*F503 -> 0 | I503: =IFERROR(VLOOKUP(H503,'سجل الموردين'!A:B,2,0),"")
A504: 503 | B504: 503 | C504: =IFERROR(VLOOKUP(B504,'اكواد الاصناف'!A:B,2,0),"") -> فريك صعيدي أخضر | D504: =IFERROR(VLOOKUP(B504,'اكواد الاصناف'!A:C,3,0),"") -> كيلو | E504: 0 | G504: =E504*F504 -> 0 | I504: =IFERROR(VLOOKUP(H504,'سجل الموردين'!A:B,2,0),"")
A505: 504 | B505: 504 | C505: =IFERROR(VLOOKUP(B505,'اكواد الاصناف'!A:B,2,0),"") -> حمص شام وسط | D505: =IFERROR(VLOOKUP(B505,'اكواد الاصناف'!A:C,3,0),"") -> كيلو | G505: =E505*F505 -> 0 | I505: =IFERROR(VLOOKUP(H505,'سجل الموردين'!A:B,2,0),"")
A506: 505 | B506: 505 | C506: =IFERROR(VLOOKUP(B506,'اكواد الاصناف'!A:B,2,0),"") -> شوفان | D506: =IFERROR(VLOOKUP(B506,'اكواد الاصناف'!A:C,3,0),"") -> كيلو | G506: =E506*F506 -> 0 | I506: =IFERROR(VLOOKUP(H506,'سجل الموردين'!A:B,2,0),"")
A507: 506 | B507: 506 | C507: =IFERROR(VLOOKUP(B507,'اكواد الاصناف'!A:B,2,0),"") -> ذرة فيشار | D507: =IFERROR(VLOOKUP(B507,'اكواد الاصناف'!A:C,3,0),"") -> شيكارة | G507: =E507*F507 -> 0 | I507: =IFERROR(VLOOKUP(H507,'سجل الموردين'!A:B,2,0),"")
A508: 507 | B508: 507 | C508: =IFERROR(VLOOKUP(B508,'اكواد الاصناف'!A:B,2,0),"") -> سن توب توت 250مل | D508: =IFERROR(VLOOKUP(B508,'اكواد الاصناف'!A:C,3,0),"") -> بالتة | E508: 2 | G508: =E508*F508 -> 0 | I508: =IFERROR(VLOOKUP(H508,'سجل الموردين'!A:B,2,0),"")
A509: 508 | B509: 508 | C509: =IFERROR(VLOOKUP(B509,'اكواد الاصناف'!A:B,2,0),"") -> سن توب كوكتيل 250مل | D509: =IFERROR(VLOOKUP(B509,'اكواد الاصناف'!A:C,3,0),"") -> بالتة | E509: 0 | G509: =E509*F509 -> 0 | I509: =IFERROR(VLOOKUP(H509,'سجل الموردين'!A:B,2,0),"")
A510: 509 | B510: 509 | C510: =IFERROR(VLOOKUP(B510,'اكواد الاصناف'!A:B,2,0),"") -> لبن مراعي لتر خالي الدسم | D510: =IFERROR(VLOOKUP(B510,'اكواد الاصناف'!A:C,3,0),"") -> بالتة | E510: 0 | G510: =E510*F510 -> 0 | I510: =IFERROR(VLOOKUP(H510,'سجل الموردين'!A:B,2,0),"")
A511: 510 | B511: 510 | C511: =IFERROR(VLOOKUP(B511,'اكواد الاصناف'!A:B,2,0),"") -> لبن مراعي 1.5 لتر خالي الدسم | D511: =IFERROR(VLOOKUP(B511,'اكواد الاصناف'!A:C,3,0),"") -> بالتة | E511: 0 | G511: =E511*F511 -> 0 | I511: =IFERROR(VLOOKUP(H511,'سجل الموردين'!A:B,2,0),"")
A512: 511 | B512: 511 | C512: =IFERROR(VLOOKUP(B512,'اكواد الاصناف'!A:B,2,0),"") -> فروتي مركز تفاح | D512: =IFERROR(VLOOKUP(B512,'اكواد الاصناف'!A:C,3,0),"") -> علبة | E512: 0 | G512: =E512*F512 -> 0 | I512: =IFERROR(VLOOKUP(H512,'سجل الموردين'!A:B,2,0),"")
A513: 512 | B513: 512 | C513: =IFERROR(VLOOKUP(B513,'اكواد الاصناف'!A:B,2,0),"") -> فروتي مركز برتقال | D513: =IFERROR(VLOOKUP(B513,'اكواد الاصناف'!A:C,3,0),"") -> علبة | E513: 10 | G513: =E513*F513 -> 0 | I513: =IFERROR(VLOOKUP(H513,'سجل الموردين'!A:B,2,0),"")
A514: 513 | B514: 513 | C514: =IFERROR(VLOOKUP(B514,'اكواد الاصناف'!A:B,2,0),"") -> نشا سايب | D514: =IFERROR(VLOOKUP(B514,'اكواد الاصناف'!A:C,3,0),"") -> كيلو | E514: 0 | G514: =E514*F514 -> 0 | I514: =IFERROR(VLOOKUP(H514,'سجل الموردين'!A:B,2,0),"")
A515: 514 | B515: 514 | C515: =IFERROR(VLOOKUP(B515,'اكواد الاصناف'!A:B,2,0),"") -> خلطة سبع بهارات | D515: =IFERROR(VLOOKUP(B515,'اكواد الاصناف'!A:C,3,0),"") -> كيلو | E515: 0 | G515: =E515*F515 -> 0 | I515: =IFERROR(VLOOKUP(H515,'سجل الموردين'!A:B,2,0),"")
A516: 515 | B516: 515 | C516: =IFERROR(VLOOKUP(B516,'اكواد الاصناف'!A:B,2,0),"") -> زيت هدية 700 | D516: =IFERROR(VLOOKUP(B516,'اكواد الاصناف'!A:C,3,0),"") -> كرتونة | E516: 0 | G516: =E516*F516 -> 0 | I516: =IFERROR(VLOOKUP(H516,'سجل الموردين'!A:B,2,0),"")
A517: 516 | B517: 516 | C517: =IFERROR(VLOOKUP(B517,'اكواد الاصناف'!A:B,2,0),"") -> تايد اتوماتيك عرض *3 | D517: =IFERROR(VLOOKUP(B517,'اكواد الاصناف'!A:C,3,0),"") -> كرتونة | E517: 1 | G517: =E517*F517 -> 0 | I517: =IFERROR(VLOOKUP(H517,'سجل الموردين'!A:B,2,0),"")
A518: 517 | B518: 517 | C518: =IFERROR(VLOOKUP(B518,'اكواد الاصناف'!A:B,2,0),"") -> دقيق نوفا جيفكو 25 ك | D518: =IFERROR(VLOOKUP(B518,'اكواد الاصناف'!A:C,3,0),"") -> شيكارة | E518: 50 | G518: =E518*F518 -> 0 | I518: =IFERROR(VLOOKUP(H518,'سجل الموردين'!A:B,2,0),"")
A519: 518 | B519: 518 | C519: =IFERROR(VLOOKUP(B519,'اكواد الاصناف'!A:B,2,0),"") -> دقيق الحبة الكاملة نوفا جيفكو 25 ك | D519: =IFERROR(VLOOKUP(B519,'اكواد الاصناف'!A:C,3,0),"") -> شيكارة | E519: 11 | G519: =E519*F519 -> 0 | I519: =IFERROR(VLOOKUP(H519,'سجل الموردين'!A:B,2,0),"")
A520: 519 | B520: 519 | C520: =IFERROR(VLOOKUP(B520,'اكواد الاصناف'!A:B,2,0),"") -> ترمس مر حبه حبه | D520: =IFERROR(VLOOKUP(B520,'اكواد الاصناف'!A:C,3,0),"") -> كيلو | G520: =E520*F520 -> 0 | I520: =IFERROR(VLOOKUP(H520,'سجل الموردين'!A:B,2,0),"")
A521: 520 | B521: 520 | C521: =IFERROR(VLOOKUP(B521,'اكواد الاصناف'!A:B,2,0),"") -> تيميز كورن شوكو بيلو 25 جم *24 | D521: =IFERROR(VLOOKUP(B521,'اكواد الاصناف'!A:C,3,0),"") -> كرتونة | E521: 0 | G521: =E521*F521 -> 0 | I521: =IFERROR(VLOOKUP(H521,'سجل الموردين'!A:B,2,0),"")
A522: 521 | B522: 521 | C522: =IFERROR(VLOOKUP(B522,'اكواد الاصناف'!A:B,2,0),"") -> دقيق سميط أبو دنجل | D522: =IFERROR(VLOOKUP(B522,'اكواد الاصناف'!A:C,3,0),"") -> كيلو | E522: 0 | G522: =E522*F522 -> 0 | I522: =IFERROR(VLOOKUP(H522,'سجل الموردين'!A:B,2,0),"")
A523: 522 | B523: 522 | C523: =IFERROR(VLOOKUP(B523,'اكواد الاصناف'!A:B,2,0),"") -> ملح الملكة 700 جم *10 | D523: =IFERROR(VLOOKUP(B523,'اكواد الاصناف'!A:C,3,0),"") -> بالتة | E523: 90 | G523: =E523*F523 -> 0 | I523: =IFERROR(VLOOKUP(H523,'سجل الموردين'!A:B,2,0),"")
A524: 523 | B524: 523 | C524: =IFERROR(VLOOKUP(B524,'اكواد الاصناف'!A:B,2,0),"") -> ملح الخير 600 جم *10 | D524: =IFERROR(VLOOKUP(B524,'اكواد الاصناف'!A:C,3,0),"") -> بالتة | E524: 66 | G524: =E524*F524 -> 0 | I524: =IFERROR(VLOOKUP(H524,'سجل الموردين'!A:B,2,0),"")
A525: 524 | B525: 524 | C525: =IFERROR(VLOOKUP(B525,'اكواد الاصناف'!A:B,2,0),"") -> دقيق نوفا جيفكو 50 ك | D525: =IFERROR(VLOOKUP(B525,'اكواد الاصناف'!A:C,3,0),"") -> شيكارة | E525: 4 | G525: =E525*F525 -> 0 | I525: =IFERROR(VLOOKUP(H525,'سجل الموردين'!A:B,2,0),"")
A526: 525 | B526: 525 | C526: =IFERROR(VLOOKUP(B526,'اكواد الاصناف'!A:B,2,0),"") -> مكرونة ريجينا مرمرية 400 جم | D526: =IFERROR(VLOOKUP(B526,'اكواد الاصناف'!A:C,3,0),"") -> كرتونة | E526: 0 | G526: =E526*F526 -> 0 | I526: =IFERROR(VLOOKUP(H526,'سجل الموردين'!A:B,2,0),"")
A527: 526 | B527: 526 | C527: =IFERROR(VLOOKUP(B527,'اكواد الاصناف'!A:B,2,0),"") -> فروتي مركز يوسفي | D527: =IFERROR(VLOOKUP(B527,'اكواد الاصناف'!A:C,3,0),"") -> علبة | E527: 16 | G527: =E527*F527 -> 0 | I527: =IFERROR(VLOOKUP(H527,'سجل الموردين'!A:B,2,0),"")
A528: 527 | B528: 527 | C528: =IFERROR(VLOOKUP(B528,'اكواد الاصناف'!A:B,2,0),"") -> ايزيس أعشاب ينسون بالليمون باكت | D528: =IFERROR(VLOOKUP(B528,'اكواد الاصناف'!A:C,3,0),"") -> بالتة | E528: 0 | G528: =E528*F528 -> 0 | I528: =IFERROR(VLOOKUP(H528,'سجل الموردين'!A:B,2,0),"")
A529: 528 | B529: 528 | C529: =IFERROR(VLOOKUP(B529,'اكواد الاصناف'!A:B,2,0),"") -> ايزيس أعشاب كركديه باكت | D529: =IFERROR(VLOOKUP(B529,'اكواد الاصناف'!A:C,3,0),"") -> بالتة | E529: 0 | G529: =E529*F529 -> 0 | I529: =IFERROR(VLOOKUP(H529,'سجل الموردين'!A:B,2,0),"")
A530: 529 | B530: 529 | C530: =IFERROR(VLOOKUP(B530,'اكواد الاصناف'!A:B,2,0),"") -> ايزيس أعشاب نعناع باكت | D530: =IFERROR(VLOOKUP(B530,'اكواد الاصناف'!A:C,3,0),"") -> بالتة | E530: 0 | G530: =E530*F530 -> 0 | I530: =IFERROR(VLOOKUP(H530,'سجل الموردين'!A:B,2,0),"")
A531: 530 | B531: 530 | C531: =IFERROR(VLOOKUP(B531,'اكواد الاصناف'!A:B,2,0),"") -> أوكسي يدوي 100 جم (10 جنيه) *24 | D531: =IFERROR(VLOOKUP(B531,'اكواد الاصناف'!A:C,3,0),"") -> كرتونة | E531: 2 | G531: =E531*F531 -> 0 | I531: =IFERROR(VLOOKUP(H531,'سجل الموردين'!A:B,2,0),"")
A532: 531 | B532: 531 | C532: =IFERROR(VLOOKUP(B532,'اكواد الاصناف'!A:B,2,0),"") -> أوكسي يدوي 160 جم (15 جنيه) *12 | D532: =IFERROR(VLOOKUP(B532,'اكواد الاصناف'!A:C,3,0),"") -> كرتونة | E532: 6 | G532: =E532*F532 -> 0 | I532: =IFERROR(VLOOKUP(H532,'سجل الموردين'!A:B,2,0),"")
... A571: 570 | B571: 570 | C571: =IFERROR(VLOOKUP(B571,'اكواد الاصناف'!A:B,2,0),"") -> راني فراولة وموز كانز 235 مل | D571: =IFERROR(VLOOKUP(B571,'اكواد الاصناف'!A:C,3,0),"") -> بالتة | E571: 1 | G571: =E571*F571 -> 0 | I571: =IFERROR(VLOOKUP(H571,'سجل الموردين'!A:B,2,0),"")
A572: 571 | B572: 571 | C572: =IFERROR(VLOOKUP(B572,'اكواد الاصناف'!A:B,2,0),"") -> صلصة هارفست ظرف 30جم | D572: =IFERROR(VLOOKUP(B572,'اكواد الاصناف'!A:C,3,0),"") -> علبة | E572: 20 | F572: 48.75 | G572: =E572*F572 -> 975 | H572: 4 | I572: =IFERROR(VLOOKUP(H572,'سجل الموردين'!A:B,2,0),"") -> ايه زد جروب | J572: 46174
...

Sheet رصيد المخازن
D2: نوع الحركة
A3: كود الصنف | B3: اسم الصنف | C3: الوحدة | D3: إضافة للمخزن | E3: منصرف | F3: الرصيد
A4: 1 | B4: =IFERROR(VLOOKUP(A4,'اكواد الاصناف'!A:B,2,0),"") -> ارز نور المصطفى طبيعى 25 ك | C4: =IFERROR(VLOOKUP(A4,'اكواد الاصناف'!A:C,3,0),"") -> شيكارة | D4: =SUMIF('سجل الوارد '!B:B,A4,'سجل الوارد '!E:E) -> 0 | E4: =IF(SUMIF('سجل المبيعات'!B:B,A4,'سجل المبيعات'!E:E)<=0,"",SUMIF('سجل المبيعات'!B:B,A4,'سجل المبيعات'!E:E)) | F4: =IFERROR(D4-E4,"")
A5: 2 | B5: =IFERROR(VLOOKUP(A5,'اكواد الاصناف'!A:B,2,0),"") -> ارز نور المصطفى زيت 25 ك | C5: =IFERROR(VLOOKUP(A5,'اكواد الاصناف'!A:C,3,0),"") -> شيكارة | D5: =SUMIF('سجل الوارد '!B:B,A5,'سجل الوارد '!E:E) -> 0 | E5: =IF(SUMIF('سجل المبيعات'!B:B,A5,'سجل المبيعات'!E:E)<=0,"",SUMIF('سجل المبيعات'!B:B,A5,'سجل المبيعات'!E:E)) | F5: =IFERROR(D5-E5,"")
A6: 3 | B6: =IFERROR(VLOOKUP(A6,'اكواد الاصناف'!A:B,2,0),"") -> ارز نور المصطفى طبيعى 10 ك | C6: =IFERROR(VLOOKUP(A6,'اكواد الاصناف'!A:C,3,0),"") -> شيكارة | D6: =SUMIF('سجل الوارد '!B:B,A6,'سجل الوارد '!E:E) -> 0 | E6: =IF(SUMIF('سجل المبيعات'!B:B,A6,'سجل المبيعات'!E:E)<=0,"",SUMIF('سجل المبيعات'!B:B,A6,'سجل المبيعات'!E:E)) | F6: =IFERROR(D6-E6,"")
A7: 4 | B7: =IFERROR(VLOOKUP(A7,'اكواد الاصناف'!A:B,2,0),"") -> ارز نور المصطفى زيت 10 ك | C7: =IFERROR(VLOOKUP(A7,'اكواد الاصناف'!A:C,3,0),"") -> شيكارة | D7: =SUMIF('سجل الوارد '!B:B,A7,'سجل الوارد '!E:E) -> 0 | E7: =IF(SUMIF('سجل المبيعات'!B:B,A7,'سجل المبيعات'!E:E)<=0,"",SUMIF('سجل المبيعات'!B:B,A7,'سجل المبيعات'!E:E)) | F7: =IFERROR(D7-E7,"")
A8: 5 | B8: =IFERROR(VLOOKUP(A8,'اكواد الاصناف'!A:B,2,0),"") -> ارز بسمتي سيلا 10 ك | C8: =IFERROR(VLOOKUP(A8,'اكواد الاصناف'!A:C,3,0),"") -> شيكارة | D8: =SUMIF('سجل الوارد '!B:B,A8,'سجل الوارد '!E:E) -> 46 | E8: =IF(SUMIF('سجل المبيعات'!B:B,A8,'سجل المبيعات'!E:E)<=0,"",SUMIF('سجل المبيعات'!B:B,A8,'سجل المبيعات'!E:E)) -> 6 | F8: =IFERROR(D8-E8,"") -> 40
A9: 6 | B9: =IFERROR(VLOOKUP(A9,'اكواد الاصناف'!A:B,2,0),"") -> ارز بسمتي عروسة 10 ك | C9: =IFERROR(VLOOKUP(A9,'اكواد الاصناف'!A:C,3,0),"") -> شيكارة | D9: =SUMIF('سجل الوارد '!B:B,A9,'سجل الوارد '!E:E) -> 54 | E9: =IF(SUMIF('سجل المبيعات'!B:B,A9,'سجل المبيعات'!E:E)<=0,"",SUMIF('سجل المبيعات'!B:B,A9,'سجل المبيعات'!E:E)) -> 15 | F9: =IFERROR(D9-E9,"") -> 39
A10: 7 | B10: =IFERROR(VLOOKUP(A10,'اكواد الاصناف'!A:B,2,0),"") -> ارز الساعة 1 ك ( كرتونة 10 كيس) | C10: =IFERROR(VLOOKUP(A10,'اكواد الاصناف'!A:C,3,0),"") -> كرتونة | D10: =SUMIF('سجل الوارد '!B:B,A10,'سجل الوارد '!E:E) -> 14 | E10: =IF(SUMIF('سجل المبيعات'!B:B,A10,'سجل المبيعات'!E:E)<=0,"",SUMIF('سجل المبيعات'!B:B,A10,'سجل المبيعات'!E:E)) -> 11 | F10: =IFERROR(D10-E10,"") -> 3
A11: 8 | B11: =IFERROR(VLOOKUP(A11,'اكواد الاصناف'!A:B,2,0),"") -> ارز الساعة 5 ك ( كرتونة 2 كيس ) | C11: =IFERROR(VLOOKUP(A11,'اكواد الاصناف'!A:C,3,0),"") -> كرتونة | D11: =SUMIF('سجل الوارد '!B:B,A11,'سجل الوارد '!E:E) -> 2 | E11: =IF(SUMIF('سجل المبيعات'!B:B,A11,'سجل المبيعات'!E:E)<=0,"",SUMIF('سجل المبيعات'!B:B,A11,'سجل المبيعات'!E:E)) | F11: =IFERROR(D11-E11,"")
A12: 9 | B12: =IFERROR(VLOOKUP(A12,'اكواد الاصناف'!A:B,2,0),"") -> ارز الضحي 1 ك | C12: =IFERROR(VLOOKUP(A12,'اكواد الاصناف'!A:C,3,0),"") -> بالتة | D12: =SUMIF('سجل الوارد '!B:B,A12,'سجل الوارد '!E:E) -> 10 | E12: =IF(SUMIF('سجل المبيعات'!B:B,A12,'سجل المبيعات'!E:E)<=0,"",SUMIF('سجل المبيعات'!B:B,A12,'سجل المبيعات'!E:E)) -> 4 | F12: =IFERROR(D12-E12,"") -> 6
A13: 10 | B13: =IFERROR(VLOOKUP(A13,'اكواد الاصناف'!A:B,2,0),"") -> ارز مليكة 1 ك | C13: =IFERROR(VLOOKUP(A13,'اكواد الاصناف'!A:C,3,0),"") -> بالتة | D13: =SUMIF('سجل الوارد '!B:B,A13,'سجل الوارد '!E:E) -> 8 | E13: =IF(SUMIF('سجل المبيعات'!B:B,A13,'سجل المبيعات'!E:E)<=0,"",SUMIF('سجل المبيعات'!B:B,A13,'سجل المبيعات'!E:E)) -> 3 | F13: =IFERROR(D13-E13,"") -> 5
A14: 11 | B14: =IFERROR(VLOOKUP(A14,'اكواد الاصناف'!A:B,2,0),"") -> سكر معبأ 20 كيس | C14: =IFERROR(VLOOKUP(A14,'اكواد الاصناف'!A:C,3,0),"") -> بالتة | D14: =SUMIF('سجل الوارد '!B:B,A14,'سجل الوارد '!E:E) -> 62 | E14: =IF(SUMIF('سجل المبيعات'!B:B,A14,'سجل المبيعات'!E:E)<=0,"",SUMIF('سجل المبيعات'!B:B,A14,'سجل المبيعات'!E:E)) -> 39 | F14: =IFERROR(D14-E14,"") -> 23
A15: 12 | B15: =IFERROR(VLOOKUP(A15,'اكواد الاصناف'!A:B,2,0),"") -> عدس اصفر معبأ حبة حبة 1 ك | C15: =IFERROR(VLOOKUP(A15,'اكواد الاصناف'!A:C,3,0),"") -> بالتة | D15: =SUMIF('سجل الوارد '!B:B,A15,'سجل الوارد '!E:E) -> 0 | E15: =IF(SUMIF('سجل المبيعات'!B:B,A15,'سجل المبيعات'!E:E)<=0,"",SUMIF('سجل المبيعات'!B:B,A15,'سجل المبيعات'!E:E)) | F15: =IFERROR(D15-E15,"")
... A601: 598 | B601: =IFERROR(VLOOKUP(A601,'اكواد الاصناف'!A:B,2,0),"") -> زيت حلوة 4.5 لتر *2 | C601: =IFERROR(VLOOKUP(A601,'اكواد الاصناف'!A:C,3,0),"") -> كرتونة | D601: =SUMIF('سجل الوارد '!B:B,A601,'سجل الوارد '!E:E) -> 3 | E601: =IF(SUMIF('سجل المبيعات'!B:B,A601,'سجل المبيعات'!E:E)<=0,"",SUMIF('سجل المبيعات'!B:B,A601,'سجل المبيعات'!E:E)) -> 2 | F601: =IFERROR(D601-E601,"") -> 1
B602: =IFERROR(VLOOKUP(A602,'اكواد الاصناف'!A:B,2,0),"") | C602: =IFERROR(VLOOKUP(A602,'اكواد الاصناف'!A:C,3,0),"") | D602: =SUMIF('سجل الوارد '!B:B,A602,'سجل الوارد '!E:E) -> 0 | E602: =IF(SUMIF('سجل المبيعات'!B:B,A602,'سجل المبيعات'!E:E)<=0,"",SUMIF('سجل المبيعات'!B:B,A602,'سجل المبيعات'!E:E)) | F602: =IFERROR(D602-E602,"")
B603: =IFERROR(VLOOKUP(A603,'اكواد الاصناف'!A:B,2,0),"") | C603: =IFERROR(VLOOKUP(A603,'اكواد الاصناف'!A:C,3,0),"") | D603: =SUMIF('سجل الوارد '!B:B,A603,'سجل الوارد '!E:E) -> 0 | E603: =IF(SUMIF('سجل المبيعات'!B:B,A603,'سجل المبيعات'!E:E)<=0,"",SUMIF('سجل المبيعات'!B:B,A603,'سجل المبيعات'!E:E)) | F603: =IFERROR(D603-E603,"")
B604: =IFERROR(VLOOKUP(A604,'اكواد الاصناف'!A:B,2,0),"") | C604: =IFERROR(VLOOKUP(A604,'اكواد الاصناف'!A:C,3,0),"") | D604: =SUMIF('سجل الوارد '!B:B,A604,'سجل الوارد '!E:E) -> 0 | E604: =IF(SUMIF('سجل المبيعات'!B:B,A604,'سجل المبيعات'!E:E)<=0,"",SUMIF('سجل المبيعات'!B:B,A604,'سجل المبيعات'!E:E)) | F604: =IFERROR(D604-E604,"")
B605: =IFERROR(VLOOKUP(A605,'اكواد الاصناف'!A:B,2,0),"") | C605: =IFERROR(VLOOKUP(A605,'اكواد الاصناف'!A:C,3,0),"") | D605: =SUMIF('سجل الوارد '!B:B,A605,'سجل الوارد '!E:E) -> 0 | E605: =IF(SUMIF('سجل المبيعات'!B:B,A605,'سجل المبيعات'!E:E)<=0,"",SUMIF('سجل المبيعات'!B:B,A605,'سجل المبيعات'!E:E)) | F605: =IFERROR(D605-E605,"")
B606: =IFERROR(VLOOKUP(A606,'اكواد الاصناف'!A:B,2,0),"") | C606: =IFERROR(VLOOKUP(A606,'اكواد الاصناف'!A:C,3,0),"") | D606: =SUMIF('سجل الوارد '!B:B,A606,'سجل الوارد '!E:E) -> 0 | E606: =IF(SUMIF('سجل المبيعات'!B:B,A606,'سجل المبيعات'!E:E)<=0,"",SUMIF('سجل المبيعات'!B:B,A606,'سجل المبيعات'!E:E)) | F606: =IFERROR(D606-E606,"")
B607: =IFERROR(VLOOKUP(A607,'اكواد الاصناف'!A:B,2,0),"") | C607: =IFERROR(VLOOKUP(A607,'اكواد الاصناف'!A:C,3,0),"") | D607: =SUMIF('سجل الوارد '!B:B,A607,'سجل الوارد '!E:E) -> 0 | E607: =IF(SUMIF('سجل المبيعات'!B:B,A607,'سجل المبيعات'!E:E)<=0,"",SUMIF('سجل المبيعات'!B:B,A607,'سجل المبيعات'!E:E)) | F607: =IFERROR(D607-E607,"")
B608: =IFERROR(VLOOKUP(A608,'اكواد الاصناف'!A:B,2,0),"") | C608: =IFERROR(VLOOKUP(A608,'اكواد الاصناف'!A:C,3,0),"") | D608: =SUMIF('سجل الوارد '!B:B,A608,'سجل الوارد '!E:E) -> 0 | E608: =IF(SUMIF('سجل المبيعات'!B:B,A608,'سجل المبيعات'!E:E)<=0,"",SUMIF('سجل المبيعات'!B:B,A608,'سجل المبيعات'!E:E)) | F608: =IFERROR(D608-E608,"")
B609: =IFERROR(VLOOKUP(A609,'اكواد الاصناف'!A:B,2,0),"") | C609: =IFERROR(VLOOKUP(A609,'اكواد الاصناف'!A:C,3,0),"") | D609: =SUMIF('سجل الوارد '!B:B,A609,'سجل الوارد '!E:E) -> 0 | E609: =IF(SUMIF('سجل المبيعات'!B:B,A609,'سجل المبيعات'!E:E)<=0,"",SUMIF('سجل المبيعات'!B:B,A609,'سجل المبيعات'!E:E)) | F609: =IFERROR(D609-E609,"")
B610: =IFERROR(VLOOKUP(A610,'اكواد الاصناف'!A:B,2,0),"") | C610: =IFERROR(VLOOKUP(A610,'اكواد الاصناف'!A:C,3,0),"") | D610: =SUMIF('سجل الوارد '!B:B,A610,'سجل الوارد '!E:E) -> 0 | E610: =IF(SUMIF('سجل المبيعات'!B:B,A610,'سجل المبيعات'!E:E)<=0,"",SUMIF('سجل المبيعات'!B:B,A610,'سجل المبيعات'!E:E)) | F610: =IFERROR(D610-E610,"")
B611: =IFERROR(VLOOKUP(A611,'اكواد الاصناف'!A:B,2,0),"") | C611: =IFERROR(VLOOKUP(A611,'اكواد الاصناف'!A:C,3,0),"") | D611: =SUMIF('سجل الوارد '!B:B,A611,'سجل الوارد '!E:E) -> 0 | E611: =IF(SUMIF('سجل المبيعات'!B:B,A611,'سجل المبيعات'!E:E)<=0,"",SUMIF('سجل المبيعات'!B:B,A611,'سجل المبيعات'!E:E)) | F611: =IFERROR(D611-E611,"")
B612: =IFERROR(VLOOKUP(A612,'اكواد الاصناف'!A:B,2,0),"") | C612: =IFERROR(VLOOKUP(A612,'اكواد الاصناف'!A:C,3,0),"") | D612: =SUMIF('سجل الوارد '!B:B,A612,'سجل الوارد '!E:E) -> 0 | E612: =IF(SUMIF('سجل المبيعات'!B:B,A612,'سجل المبيعات'!E:E)<=0,"",SUMIF('سجل المبيعات'!B:B,A612,'سجل المبيعات'!E:E)) | F612: =IFERROR(D612-E612,"")
B613: =IFERROR(VLOOKUP(A613,'اكواد الاصناف'!A:B,2,0),"") | C613: =IFERROR(VLOOKUP(A613,'اكواد الاصناف'!A:C,3,0),"") | D613: =SUMIF('سجل الوارد '!B:B,A613,'سجل الوارد '!E:E) -> 0 | E613: =IF(SUMIF('سجل المبيعات'!B:B,A613,'سجل المبيعات'!E:E)<=0,"",SUMIF('سجل المبيعات'!B:B,A613,'سجل المبيعات'!E:E)) | F613: =IFERROR(D613-E613,"")
... B1623: =IFERROR(VLOOKUP(A1623,'اكواد الاصناف'!A:B,2,0),"") | C1623: =IFERROR(VLOOKUP(A1623,'اكواد الاصناف'!A:C,3,0),"") | D1623: =SUMIF('سجل الوارد '!B:B,A1623,'سجل الوارد '!E:E) -> 0 | E1623: =IF(SUMIF('سجل المبيعات'!B:B,A1623,'سجل المبيعات'!E:E)<=0,"",SUMIF('سجل المبيعات'!B:B,A1623,'سجل المبيعات'!E:E)) | F1623: =IFERROR(D1623-E1623,"")

Sheet فواتير
C3: اذن صرف | G3: 564
F4: نظام الدفع :
A5: شركة | B5: ابو رؤية للتجارة والتوزيع
F6: تاريخ | G6: =TODAY() -> 46181
A7: كود العميل | F7: المندوب
A8: اسم العميل | B8: =IFERROR(VLOOKUP(B7,'سجل العملاء'!A:B,2,0),"") | F8: ت : | G8: =IFERROR(VLOOKUP(B7,'سجل العملاء'!A:C,3,0),"")
A9: العنوان | B9: =IFERROR(VLOOKUP(B7,'سجل العملاء'!A:D,4,0),"")
A10: م | B10: كود الصنف | C10: اسم الصنف | D10: الوحدة | E10: الكمية | F10: السعر | G10: القيمة
A11: 1 | C11: =IFERROR(VLOOKUP(Table3[[#This Row],[كود الصنف]],'اكواد الاصناف'!A:C,2,0),"") | D11: =IFERROR(VLOOKUP(Table3[[#This Row],[كود الصنف]],'اكواد الاصناف'!A:C,3,0),"") | F11: =IF(SUMIF('اكواد الاصناف'!A:A,Table3[[#This Row],[كود الصنف]],'اكواد الاصناف'!D:D)=0,"",SUMIF('اكواد الاصناف'!A:A,Table3[[#This Row],[كود الصنف]],'اكواد الاصناف'!D:D)) | G11: =IFERROR(IF(Table3[[#This Row],[السعر]]*Table3[[#This Row],[الكمية]]<=0,"",Table3[[#This Row],[السعر]]*Table3[[#This Row],[الكمية]]),"")
A12: 2 | C12: =IFERROR(VLOOKUP(Table3[[#This Row],[كود الصنف]],'اكواد الاصناف'!A:C,2,0),"") | D12: =IFERROR(VLOOKUP(Table3[[#This Row],[كود الصنف]],'اكواد الاصناف'!A:C,3,0),"") | F12: =IF(SUMIF('اكواد الاصناف'!A:A,Table3[[#This Row],[كود الصنف]],'اكواد الاصناف'!D:D)=0,"",SUMIF('اكواد الاصناف'!A:A,Table3[[#This Row],[كود الصنف]],'اكواد الاصناف'!D:D)) | G12: =IFERROR(IF(Table3[[#This Row],[السعر]]*Table3[[#This Row],[الكمية]]<=0,"",Table3[[#This Row],[السعر]]*Table3[[#This Row],[الكمية]]),"")
A13: 3 | C13: =IFERROR(VLOOKUP(Table3[[#This Row],[كود الصنف]],'اكواد الاصناف'!A:C,2,0),"") | D13: =IFERROR(VLOOKUP(Table3[[#This Row],[كود الصنف]],'اكواد الاصناف'!A:C,3,0),"") | F13: =IF(SUMIF('اكواد الاصناف'!A:A,Table3[[#This Row],[كود الصنف]],'اكواد الاصناف'!D:D)=0,"",SUMIF('اكواد الاصناف'!A:A,Table3[[#This Row],[كود الصنف]],'اكواد الاصناف'!D:D)) | G13: =IFERROR(IF(Table3[[#This Row],[السعر]]*Table3[[#This Row],[الكمية]]<=0,"",Table3[[#This Row],[السعر]]*Table3[[#This Row],[الكمية]]),"")
A14: 4 | C14: =IFERROR(VLOOKUP(Table3[[#This Row],[كود الصنف]],'اكواد الاصناف'!A:C,2,0),"") | D14: =IFERROR(VLOOKUP(Table3[[#This Row],[كود الصنف]],'اكواد الاصناف'!A:C,3,0),"") | F14: =IF(SUMIF('اكواد الاصناف'!A:A,Table3[[#This Row],[كود الصنف]],'اكواد الاصناف'!D:D)=0,"",SUMIF('اكواد الاصناف'!A:A,Table3[[#This Row],[كود الصنف]],'اكواد الاصناف'!D:D)) | G14: =IFERROR(IF(Table3[[#This Row],[السعر]]*Table3[[#This Row],[الكمية]]<=0,"",Table3[[#This Row],[السعر]]*Table3[[#This Row],[الكمية]]),"")
A15: 5 | C15: =IFERROR(VLOOKUP(Table3[[#This Row],[كود الصنف]],'اكواد الاصناف'!A:C,2,0),"") | D15: =IFERROR(VLOOKUP(Table3[[#This Row],[كود الصنف]],'اكواد الاصناف'!A:C,3,0),"") | F15: =IF(SUMIF('اكواد الاصناف'!A:A,Table3[[#This Row],[كود الصنف]],'اكواد الاصناف'!D:D)=0,"",SUMIF('اكواد الاصناف'!A:A,Table3[[#This Row],[كود الصنف]],'اكواد الاصناف'!D:D)) | G15: =IFERROR(IF(Table3[[#This Row],[السعر]]*Table3[[#This Row],[الكمية]]<=0,"",Table3[[#This Row],[السعر]]*Table3[[#This Row],[الكمية]]),"")
A16: 6 | C16: =IFERROR(VLOOKUP(Table3[[#This Row],[كود الصنف]],'اكواد الاصناف'!A:C,2,0),"") | D16: =IFERROR(VLOOKUP(Table3[[#This Row],[كود الصنف]],'اكواد الاصناف'!A:C,3,0),"") | F16: =IF(SUMIF('اكواد الاصناف'!A:A,Table3[[#This Row],[كود الصنف]],'اكواد الاصناف'!D:D)=0,"",SUMIF('اكواد الاصناف'!A:A,Table3[[#This Row],[كود الصنف]],'اكواد الاصناف'!D:D)) | G16: =IFERROR(IF(Table3[[#This Row],[السعر]]*Table3[[#This Row],[الكمية]]<=0,"",Table3[[#This Row],[السعر]]*Table3[[#This Row],[الكمية]]),"")
A17: 7 | C17: =IFERROR(VLOOKUP(Table3[[#This Row],[كود الصنف]],'اكواد الاصناف'!A:C,2,0),"") | D17: =IFERROR(VLOOKUP(Table3[[#This Row],[كود الصنف]],'اكواد الاصناف'!A:C,3,0),"") | F17: =IF(SUMIF('اكواد الاصناف'!A:A,Table3[[#This Row],[كود الصنف]],'اكواد الاصناف'!D:D)=0,"",SUMIF('اكواد الاصناف'!A:A,Table3[[#This Row],[كود الصنف]],'اكواد الاصناف'!D:D)) | G17: =IFERROR(IF(Table3[[#This Row],[السعر]]*Table3[[#This Row],[الكمية]]<=0,"",Table3[[#This Row],[السعر]]*Table3[[#This Row],[الكمية]]),"")
A18: 8 | C18: =IFERROR(VLOOKUP(Table3[[#This Row],[كود الصنف]],'اكواد الاصناف'!A:C,2,0),"") | D18: =IFERROR(VLOOKUP(Table3[[#This Row],[كود الصنف]],'اكواد الاصناف'!A:C,3,0),"") | F18: =IF(SUMIF('اكواد الاصناف'!A:A,Table3[[#This Row],[كود الصنف]],'اكواد الاصناف'!D:D)=0,"",SUMIF('اكواد الاصناف'!A:A,Table3[[#This Row],[كود الصنف]],'اكواد الاصناف'!D:D)) | G18: =IFERROR(IF(Table3[[#This Row],[السعر]]*Table3[[#This Row],[الكمية]]<=0,"",Table3[[#This Row],[السعر]]*Table3[[#This Row],[الكمية]]),"")
A19: 9 | C19: =IFERROR(VLOOKUP(Table3[[#This Row],[كود الصنف]],'اكواد الاصناف'!A:C,2,0),"") | D19: =IFERROR(VLOOKUP(Table3[[#This Row],[كود الصنف]],'اكواد الاصناف'!A:C,3,0),"") | F19: =IF(SUMIF('اكواد الاصناف'!A:A,Table3[[#This Row],[كود الصنف]],'اكواد الاصناف'!D:D)=0,"",SUMIF('اكواد الاصناف'!A:A,Table3[[#This Row],[كود الصنف]],'اكواد الاصناف'!D:D)) | G19: =IFERROR(IF(Table3[[#This Row],[السعر]]*Table3[[#This Row],[الكمية]]<=0,"",Table3[[#This Row],[السعر]]*Table3[[#This Row],[الكمية]]),"")
A20: 10 | C20: =IFERROR(VLOOKUP(Table3[[#This Row],[كود الصنف]],'اكواد الاصناف'!A:C,2,0),"") | D20: =IFERROR(VLOOKUP(Table3[[#This Row],[كود الصنف]],'اكواد الاصناف'!A:C,3,0),"") | F20: =IF(SUMIF('اكواد الاصناف'!A:A,Table3[[#This Row],[كود الصنف]],'اكواد الاصناف'!D:D)=0,"",SUMIF('اكواد الاصناف'!A:A,Table3[[#This Row],[كود الصنف]],'اكواد الاصناف'!D:D)) | G20: =IFERROR(IF(Table3[[#This Row],[السعر]]*Table3[[#This Row],[الكمية]]<=0,"",Table3[[#This Row],[السعر]]*Table3[[#This Row],[الكمية]]),"")
A21: 11 | C21: =IFERROR(VLOOKUP(Table3[[#This Row],[كود الصنف]],'اكواد الاصناف'!A:C,2,0),"") | D21: =IFERROR(VLOOKUP(Table3[[#This Row],[كود الصنف]],'اكواد الاصناف'!A:C,3,0),"") | F21: =IF(SUMIF('اكواد الاصناف'!A:A,Table3[[#This Row],[كود الصنف]],'اكواد الاصناف'!D:D)=0,"",SUMIF('اكواد الاصناف'!A:A,Table3[[#This Row],[كود الصنف]],'اكواد الاصناف'!D:D)) | G21: =IFERROR(IF(Table3[[#This Row],[السعر]]*Table3[[#This Row],[الكمية]]<=0,"",Table3[[#This Row],[السعر]]*Table3[[#This Row],[الكمية]]),"")
A22: 12 | C22: =IFERROR(VLOOKUP(Table3[[#This Row],[كود الصنف]],'اكواد الاصناف'!A:C,2,0),"") | D22: =IFERROR(VLOOKUP(Table3[[#This Row],[كود الصنف]],'اكواد الاصناف'!A:C,3,0),"") | F22: =IF(SUMIF('اكواد الاصناف'!A:A,Table3[[#This Row],[كود الصنف]],'اكواد الاصناف'!D:D)=0,"",SUMIF('اكواد الاصناف'!A:A,Table3[[#This Row],[كود الصنف]],'اكواد الاصناف'!D:D)) | G22: =IFERROR(IF(Table3[[#This Row],[السعر]]*Table3[[#This Row],[الكمية]]<=0,"",Table3[[#This Row],[السعر]]*Table3[[#This Row],[الكمية]]),"")
... A25: 15 | C25: =IFERROR(VLOOKUP(Table3[[#This Row],[كود الصنف]],'اكواد الاصناف'!A:C,2,0),"") | D25: =IFERROR(VLOOKUP(Table3[[#This Row],[كود الصنف]],'اكواد الاصناف'!A:C,3,0),"") | F25: =IF(SUMIF('اكواد الاصناف'!A:A,Table3[[#This Row],[كود الصنف]],'اكواد الاصناف'!D:D)=0,"",SUMIF('اكواد الاصناف'!A:A,Table3[[#This Row],[كود الصنف]],'اكواد الاصناف'!D:D)) | G25: =IFERROR(IF(Table3[[#This Row],[السعر]]*Table3[[#This Row],[الكمية]]<=0,"",Table3[[#This Row],[السعر]]*Table3[[#This Row],[الكمية]]),"")
B26: الاجمالي | G26: =SUBTOTAL(109,Table3[القيمة]) -> 0

Sheet سجل المبيعات
A1: م | B1: كود الصنف | C1: اسم الصنف | D1: الوحدة | E1: الكمية | F1: السعر | G1: القيمة | H1: كود العميل | I1: اسم العميل | J1: رقم فاتورة البيع
A2: 1 | B2: 308 | C2: =IFERROR(VLOOKUP(B2,'اكواد الاصناف'!A:C,2,0),"") -> لبن بخيره لتر | D2: =IFERROR(VLOOKUP(B2,'اكواد الاصناف'!A:C,3,0),"") -> كرتونة | E2: 3 | F2: 460 | G2: =F2*E2 -> 1380 | H2: 33 | I2: =IFERROR(VLOOKUP(H2,'سجل العملاء'!A:B,2,0),"") -> محمود | J2: 517 | K2: 46174
A3: 2 | B3: 307 | C3: =IFERROR(VLOOKUP(B3,'اكواد الاصناف'!A:C,2,0),"") -> لبن بخيره 500 مل | D3: =IFERROR(VLOOKUP(B3,'اكواد الاصناف'!A:C,3,0),"") -> كرتونة | E3: 3 | F3: 505 | G3: =F3*E3 -> 1515 | H3: 33 | I3: =IFERROR(VLOOKUP(H3,'سجل العملاء'!A:B,2,0),"") -> محمود | J3: 517
A4: 3 | B4: 571 | C4: =IFERROR(VLOOKUP(B4,'اكواد الاصناف'!A:C,2,0),"") -> صلصة هارفست ظرف 30جم | D4: =IFERROR(VLOOKUP(B4,'اكواد الاصناف'!A:C,3,0),"") -> علبة | E4: 4 | F4: 200 | G4: =F4*E4 -> 800 | H4: 33 | I4: =IFERROR(VLOOKUP(H4,'سجل العملاء'!A:B,2,0),"") -> محمود | J4: 517
A5: 4 | B5: 227 | C5: =IFERROR(VLOOKUP(B5,'اكواد الاصناف'!A:C,2,0),"") -> بن فكاكيس 100 جم | D5: =IFERROR(VLOOKUP(B5,'اكواد الاصناف'!A:C,3,0),"") -> بالتة | E5: 2 | F5: 470 | G5: =F5*E5 -> 940 | H5: 33 | I5: =IFERROR(VLOOKUP(H5,'سجل العملاء'!A:B,2,0),"") -> محمود | J5: 517
A6: 5 | B6: 70 | C6: =IFERROR(VLOOKUP(B6,'اكواد الاصناف'!A:C,2,0),"") -> زيت سلايت عباد 700 مل | D6: =IFERROR(VLOOKUP(B6,'اكواد الاصناف'!A:C,3,0),"") -> كرتونة | E6: 2 | F6: 850 | G6: =F6*E6 -> 1700 | H6: 33 | I6: =IFERROR(VLOOKUP(H6,'سجل العملاء'!A:B,2,0),"") -> محمود | J6: 517
A7: 6 | B7: 220 | C7: =IFERROR(VLOOKUP(B7,'اكواد الاصناف'!A:C,2,0),"") -> شاى العروسة 100 جم | D7: =IFERROR(VLOOKUP(B7,'اكواد الاصناف'!A:C,3,0),"") -> كيلو | E7: 2 | F7: 212.5 | G7: =F7*E7 -> 425 | H7: 33 | I7: =IFERROR(VLOOKUP(H7,'سجل العملاء'!A:B,2,0),"") -> محمود | J7: 517
A8: 7 | B8: 221 | C8: =IFERROR(VLOOKUP(B8,'اكواد الاصناف'!A:C,2,0),"") -> شاى العروسة 40 جم | D8: =IFERROR(VLOOKUP(B8,'اكواد الاصناف'!A:C,3,0),"") -> كيلو | E8: 2 | F8: 212.5 | G8: =F8*E8 -> 425 | H8: 33 | I8: =IFERROR(VLOOKUP(H8,'سجل العملاء'!A:B,2,0),"") -> محمود | J8: 517
A9: 8 | B9: 27 | C9: =IFERROR(VLOOKUP(B9,'اكواد الاصناف'!A:C,2,0),"") -> ملح الخير 225 جم * 20 كيس | D9: =IFERROR(VLOOKUP(B9,'اكواد الاصناف'!A:C,3,0),"") -> بالتة | E9: 10 | F9: 29.5 | G9: =F9*E9 -> 295 | H9: 33 | I9: =IFERROR(VLOOKUP(H9,'سجل العملاء'!A:B,2,0),"") -> محمود | J9: 517
A10: 9 | B10: 355 | C10: =IFERROR(VLOOKUP(B10,'اكواد الاصناف'!A:C,2,0),"") -> بيبسى 2.5 لتر | D10: =IFERROR(VLOOKUP(B10,'اكواد الاصناف'!A:C,3,0),"") -> بالتة | E10: 3 | F10: 220 | G10: =F10*E10 -> 660 | H10: 33 | I10: =IFERROR(VLOOKUP(H10,'سجل العملاء'!A:B,2,0),"") -> محمود | J10: 517
A11: 10 | B11: 356 | C11: =IFERROR(VLOOKUP(B11,'اكواد الاصناف'!A:C,2,0),"") -> سفن اب 2.5 لتر | D11: =IFERROR(VLOOKUP(B11,'اكواد الاصناف'!A:C,3,0),"") -> بالتة | E11: 3 | F11: 220 | G11: =F11*E11 -> 660 | H11: 33 | I11: =IFERROR(VLOOKUP(H11,'سجل العملاء'!A:B,2,0),"") -> محمود | J11: 517
A12: 11 | B12: 191 | C12: =IFERROR(VLOOKUP(B12,'اكواد الاصناف'!A:C,2,0),"") -> نسكافيه 3*1 شيكولاته | D12: =IFERROR(VLOOKUP(B12,'اكواد الاصناف'!A:C,3,0),"") -> علبة | E12: 2 | F12: 135 | G12: =F12*E12 -> 270 | H12: 33 | I12: =IFERROR(VLOOKUP(H12,'سجل العملاء'!A:B,2,0),"") -> محمود | J12: 517
A13: 12 | B13: 190 | C13: =IFERROR(VLOOKUP(B13,'اكواد الاصناف'!A:C,2,0),"") -> نسكافيه 3*1 | D13: =IFERROR(VLOOKUP(B13,'اكواد الاصناف'!A:C,3,0),"") -> علبة | E13: 2 | F13: 135 | G13: =F13*E13 -> 270 | H13: 33 | I13: =IFERROR(VLOOKUP(H13,'سجل العملاء'!A:B,2,0),"") -> محمود | J13: 517
A14: 13 | B14: 192 | C14: =IFERROR(VLOOKUP(B14,'اكواد الاصناف'!A:C,2,0),"") -> نسكافيه 3*1 كراميل | D14: =IFERROR(VLOOKUP(B14,'اكواد الاصناف'!A:C,3,0),"") -> علبة | E14: 2 | F14: 135 | G14: =F14*E14 -> 270 | H14: 33 | I14: =IFERROR(VLOOKUP(H14,'سجل العملاء'!A:B,2,0),"") -> محمود | J14: 517
A15: 14 | B15: 447 | C15: =IFERROR(VLOOKUP(B15,'اكواد الاصناف'!A:C,2,0),"") -> فلفل برازيلي حصي | D15: =IFERROR(VLOOKUP(B15,'اكواد الاصناف'!A:C,3,0),"") -> كيلو | E15: 2 | F15: 405 | G15: =F15*E15 -> 810 | H15: 33 | I15: =IFERROR(VLOOKUP(H15,'سجل العملاء'!A:B,2,0),"") -> محمود | J15: 517
A16: 15 | B16: 489 | C16: =IFERROR(VLOOKUP(B16,'اكواد الاصناف'!A:C,2,0),"") -> حلبة بلدي | D16: =IFERROR(VLOOKUP(B16,'اكواد الاصناف'!A:C,3,0),"") -> كيلو | F16: 38 | G16: =F16*E16 -> 0 | H16: 33 | I16: =IFERROR(VLOOKUP(H16,'سجل العملاء'!A:B,2,0),"") -> محمود | J16: 517
A17: 16 | B17: 572 | C17: =IFERROR(VLOOKUP(B17,'اكواد الاصناف'!A:C,2,0),"") -> زبيب أحفاد سعد الجمل 5 ك | D17: =IFERROR(VLOOKUP(B17,'اكواد الاصناف'!A:C,3,0),"") -> كرتونة | E17: 1 | F17: 900 | G17: =F17*E17 -> 900 | H17: 33 | I17: =IFERROR(VLOOKUP(H17,'سجل العملاء'!A:B,2,0),"") -> محمود | J17: 517
A18: 17 | B18: 573 | C18: =IFERROR(VLOOKUP(B18,'اكواد الاصناف'!A:C,2,0),"") -> حلبة محوجه | D18: =IFERROR(VLOOKUP(B18,'اكواد الاصناف'!A:C,3,0),"") -> كيلو | E18: 2 | F18: 80 | G18: =F18*E18 -> 160 | H18: 33 | I18: =IFERROR(VLOOKUP(H18,'سجل العملاء'!A:B,2,0),"") -> محمود | J18: 517
A19: 1 | B19: 31 | C19: =IFERROR(VLOOKUP(B19,'اكواد الاصناف'!A:C,2,0),"") -> مكرونة جواهر 10ك هلالية | D19: =IFERROR(VLOOKUP(B19,'اكواد الاصناف'!A:C,3,0),"") -> شيكارة | E19: 1 | F19: 218 | G19: =F19*E19 -> 218 | H19: 75 | I19: =IFERROR(VLOOKUP(H19,'سجل العملاء'!A:B,2,0),"") -> الحمد | J19: 518
A20: 2 | B20: 35 | C20: =IFERROR(VLOOKUP(B20,'اكواد الاصناف'!A:C,2,0),"") -> مكرونة جواهر 10ك اسباجتى | D20: =IFERROR(VLOOKUP(B20,'اكواد الاصناف'!A:C,3,0),"") -> شيكارة | E20: 1 | F20: 218 | G20: =F20*E20 -> 218 | H20: 75 | I20: =IFERROR(VLOOKUP(H20,'سجل العملاء'!A:B,2,0),"") -> الحمد | J20: 518
A21: 3 | B21: 33 | C21: =IFERROR(VLOOKUP(B21,'اكواد الاصناف'!A:C,2,0),"") -> مكرونة جواهر 10ك فرن | D21: =IFERROR(VLOOKUP(B21,'اكواد الاصناف'!A:C,3,0),"") -> شيكارة | E21: 1 | F21: 218 | G21: =F21*E21 -> 218 | H21: 75 | I21: =IFERROR(VLOOKUP(H21,'سجل العملاء'!A:B,2,0),"") -> الحمد | J21: 518
A22: 4 | B22: 100 | C22: =IFERROR(VLOOKUP(B22,'اكواد الاصناف'!A:C,2,0),"") -> سمنة جنة نيوزيلندى 700 جم | D22: =IFERROR(VLOOKUP(B22,'اكواد الاصناف'!A:C,3,0),"") -> كرتونة | E22: 1 | F22: 703 | G22: =F22*E22 -> 703 | H22: 75 | I22: =IFERROR(VLOOKUP(H22,'سجل العملاء'!A:B,2,0),"") -> الحمد | J22: 518
A23: 5 | B23: 121 | C23: =IFERROR(VLOOKUP(B23,'اكواد الاصناف'!A:C,2,0),"") -> صلصة هاينز برطمان | D23: =IFERROR(VLOOKUP(B23,'اكواد الاصناف'!A:C,3,0),"") -> بالتة | E23: 1 | F23: 395 | G23: =F23*E23 -> 395 | H23: 75 | I23: =IFERROR(VLOOKUP(H23,'سجل العملاء'!A:B,2,0),"") -> الحمد | J23: 518
A24: 6 | B24: 571 | C24: =IFERROR(VLOOKUP(B24,'اكواد الاصناف'!A:C,2,0),"") -> صلصة هارفست ظرف 30جم | D24: =IFERROR(VLOOKUP(B24,'اكواد الاصناف'!A:C,3,0),"") -> علبة | F24: 200 | G24: =F24*E24 -> 0 | H24: 75 | I24: =IFERROR(VLOOKUP(H24,'سجل العملاء'!A:B,2,0),"") -> الحمد | J24: 518
A25: 7 | B25: 131 | C25: =IFERROR(VLOOKUP(B25,'اكواد الاصناف'!A:C,2,0),"") -> صلصة روسو صفيح 800 جم | D25: =IFERROR(VLOOKUP(B25,'اكواد الاصناف'!A:C,3,0),"") -> بالتة | E25: 1 | F25: 440 | G25: =F25*E25 -> 440 | H25: 75 | I25: =IFERROR(VLOOKUP(H25,'سجل العملاء'!A:B,2,0),"") -> الحمد | J25: 518
A26: 8 | B26: 135 | C26: =IFERROR(VLOOKUP(B26,'اكواد الاصناف'!A:C,2,0),"") -> كاتشب هاينز ظرف كبير | D26: =IFERROR(VLOOKUP(B26,'اكواد الاصناف'!A:C,3,0),"") -> علبة | E26: 1 | F26: 158 | G26: =F26*E26 -> 158 | H26: 75 | I26: =IFERROR(VLOOKUP(H26,'سجل العملاء'!A:B,2,0),"") -> الحمد | J26: 518
A27: 9 | B27: 145 | C27: =IFERROR(VLOOKUP(B27,'اكواد الاصناف'!A:C,2,0),"") -> خل هاينز لتر | D27: =IFERROR(VLOOKUP(B27,'اكواد الاصناف'!A:C,3,0),"") -> بالتة | E27: 1 | F27: 230 | G27: =F27*E27 -> 230 | H27: 75 | I27: =IFERROR(VLOOKUP(H27,'سجل العملاء'!A:B,2,0),"") -> الحمد | J27: 518
A28: 10 | B28: 147 | C28: =IFERROR(VLOOKUP(B28,'اكواد الاصناف'!A:C,2,0),"") -> مرقة دجاج كنور 12 مكعب | D28: =IFERROR(VLOOKUP(B28,'اكواد الاصناف'!A:C,3,0),"") -> بالتة | E28: 1 | F28: 161 | G28: =F28*E28 -> 161 | H28: 75 | I28: =IFERROR(VLOOKUP(H28,'سجل العملاء'!A:B,2,0),"") -> الحمد | J28: 518
A29: 11 | B29: 155 | C29: =IFERROR(VLOOKUP(B29,'اكواد الاصناف'!A:C,2,0),"") -> خلطة بشاميل فاين فودز سادة | D29: =IFERROR(VLOOKUP(B29,'اكواد الاصناف'!A:C,3,0),"") -> علبة | E29: 1 | F29: 160 | G29: =F29*E29 -> 160 | H29: 75 | I29: =IFERROR(VLOOKUP(H29,'سجل العملاء'!A:B,2,0),"") -> الحمد | J29: 518
A30: 12 | B30: 158 | C30: =IFERROR(VLOOKUP(B30,'اكواد الاصناف'!A:C,2,0),"") -> تتبيلة برجر ويلز | D30: =IFERROR(VLOOKUP(B30,'اكواد الاصناف'!A:C,3,0),"") -> علبة | E30: 1 | F30: 71 | G30: =F30*E30 -> 71 | H30: 75 | I30: =IFERROR(VLOOKUP(H30,'سجل العملاء'!A:B,2,0),"") -> الحمد | J30: 518
A31: 13 | B31: 162 | C31: =IFERROR(VLOOKUP(B31,'اكواد الاصناف'!A:C,2,0),"") -> تتبيلة كفتة ويلز | D31: =IFERROR(VLOOKUP(B31,'اكواد الاصناف'!A:C,3,0),"") -> علبة | E31: 1 | F31: 71 | G31: =F31*E31 -> 71 | H31: 75 | I31: =IFERROR(VLOOKUP(H31,'سجل العملاء'!A:B,2,0),"") -> الحمد | J31: 518
A32: 14 | B32: 163 | C32: =IFERROR(VLOOKUP(B32,'اكواد الاصناف'!A:C,2,0),"") -> تتبيلة شاورما سوري ويلز | D32: =IFERROR(VLOOKUP(B32,'اكواد الاصناف'!A:C,3,0),"") -> علبة | E32: 1 | F32: 71 | G32: =F32*E32 -> 71 | H32: 75 | I32: =IFERROR(VLOOKUP(H32,'سجل العملاء'!A:B,2,0),"") -> الحمد | J32: 518
A33: 15 | B33: 193 | C33: =IFERROR(VLOOKUP(B33,'اكواد الاصناف'!A:C,2,0),"") -> نسكافيه 3*1 بندق | D33: =IFERROR(VLOOKUP(B33,'اكواد الاصناف'!A:C,3,0),"") -> علبة | E33: 1 | F33: 135 | G33: =F33*E33 -> 135 | H33: 75 | I33: =IFERROR(VLOOKUP(H33,'سجل العملاء'!A:B,2,0),"") -> الحمد | J33: 518
A34: 16 | B34: 208 | C34: =IFERROR(VLOOKUP(B34,'اكواد الاصناف'!A:C,2,0),"") -> تانج مانجو 25جم | D34: =IFERROR(VLOOKUP(B34,'اكواد الاصناف'!A:C,3,0),"") -> علبة | E34: 1 | F34: 95 | G34: =F34*E34 -> 95 | H34: 75 | I34: =IFERROR(VLOOKUP(H34,'سجل العملاء'!A:B,2,0),"") -> الحمد | J34: 518
A35: 17 | B35: 309 | C35: =IFERROR(VLOOKUP(B35,'اكواد الاصناف'!A:C,2,0),"") -> لبن جهينة لتر كامل الدسم | D35: =IFERROR(VLOOKUP(B35,'اكواد الاصناف'!A:C,3,0),"") -> بالتة | E35: 1 | F35: 562 | G35: =F35*E35 -> 562 | H35: 75 | I35: =IFERROR(VLOOKUP(H35,'سجل العملاء'!A:B,2,0),"") -> الحمد | J35: 518
A36: 18 | B36: 324 | C36: =IFERROR(VLOOKUP(B36,'اكواد الاصناف'!A:C,2,0),"") -> عصير جهينة لتر تفاح | D36: =IFERROR(VLOOKUP(B36,'اكواد الاصناف'!A:C,3,0),"") -> بالتة | E36: 1 | F36: 360 | G36: =F36*E36 -> 360 | H36: 75 | I36: =IFERROR(VLOOKUP(H36,'سجل العملاء'!A:B,2,0),"") -> الحمد | J36: 518
... A111: 9 | B111: 160 | C111: =IFERROR(VLOOKUP(B111,'اكواد الاصناف'!A:C,2,0),"") -> تتبيلة بشاميل كريمة ويلز | D111: =IFERROR(VLOOKUP(B111,'اكواد الاصناف'!A:C,3,0),"") -> علبة | E111: 1 | F111: 71 | G111: =F111*E111 -> 71 | H111: 25 | I111: =IFERROR(VLOOKUP(H111,'سجل العملاء'!A:B,2,0),"") -> الحرمين ماركت | J111: 524
A112: 10 | B112: 27 | C112: =IFERROR(VLOOKUP(B112,'اكواد الاصناف'!A:C,2,0),"") -> ملح الخير 225 جم * 20 كيس | D112: =IFERROR(VLOOKUP(B112,'اكواد الاصناف'!A:C,3,0),"") -> بالتة | F112: 29.5 | G112: =F112*E112 -> 0 | H112: 25 | I112: =IFERROR(VLOOKUP(H112,'سجل العملاء'!A:B,2,0),"") -> الحرمين ماركت | J112: 524
A113: 11 | B113: 251 | C113: =IFERROR(VLOOKUP(B113,'اكواد الاصناف'!A:C,2,0),"") -> جبنة رودس سادة 500 جم | D113: =IFERROR(VLOOKUP(B113,'اكواد الاصناف'!A:C,3,0),"") -> بالتة | E113: 1 | F113: 515 | G113: =F113*E113 -> 515 | H113: 25 | I113: =IFERROR(VLOOKUP(H113,'سجل العملاء'!A:B,2,0),"") -> الحرمين ماركت | J113: 524
A114: 12 | B114: 90 | C114: =IFERROR(VLOOKUP(B114,'اكواد الاصناف'!A:C,2,0),"") -> زيت ممتاز 700 مل | D114: =IFERROR(VLOOKUP(B114,'اكواد الاصناف'!A:C,3,0),"") -> كرتونة | E114: 1 | F114: 650 | G114: =F114*E114 -> 650 | H114: 25 | I114: =IFERROR(VLOOKUP(H114,'سجل العملاء'!A:B,2,0),"") -> الحرمين ماركت | J114: 524
A115: 13 | B115: 86 | C115: =IFERROR(VLOOKUP(B115,'اكواد الاصناف'!A:C,2,0),"") -> زيت حلوة 700 مل | D115: =IFERROR(VLOOKUP(B115,'اكواد الاصناف'!A:C,3,0),"") -> كرتونة | E115: 1 | F115: 745 | G115: =F115*E115 -> 745 | H115: 25 | I115: =IFERROR(VLOOKUP(H115,'سجل العملاء'!A:B,2,0),"") -> الحرمين ماركت | J115: 524
A116: 14 | B116: 87 | C116: =IFERROR(VLOOKUP(B116,'اكواد الاصناف'!A:C,2,0),"") -> زيت حلوة لتر | D116: =IFERROR(VLOOKUP(B116,'اكواد الاصناف'!A:C,3,0),"") -> كرتونة | E116: 1 | F116: 969 | G116: =F116*E116 -> 969 | H116: 25 | I116: =IFERROR(VLOOKUP(H116,'سجل العملاء'!A:B,2,0),"") -> الحرمين ماركت | J116: 524
A117: 15 | B117: 217 | C117: =IFERROR(VLOOKUP(B117,'اكواد الاصناف'!A:C,2,0),"") -> شاى الوردة 100 جم | D117: =IFERROR(VLOOKUP(B117,'اكواد الاصناف'!A:C,3,0),"") -> كيلو | E117: 1 | F117: 199.5 | G117: =F117*E117 -> 199.5 | H117: 25 | I117: =IFERROR(VLOOKUP(H117,'سجل العملاء'!A:B,2,0),"") -> الحرمين ماركت | J117: 524
A118: 16 | B118: 218 | C118: =IFERROR(VLOOKUP(B118,'اكواد الاصناف'!A:C,2,0),"") -> شاى الوردة 40 جم | D118: =IFERROR(VLOOKUP(B118,'اكواد الاصناف'!A:C,3,0),"") -> كيلو | E118: 2 | F118: 199.5 | G118: =F118*E118 -> 399 | H118: 25 | I118: =IFERROR(VLOOKUP(H118,'سجل العملاء'!A:B,2,0),"") -> الحرمين ماركت | J118: 524
A119: 17 | B119: 220 | C119: =IFERROR(VLOOKUP(B119,'اكواد الاصناف'!A:C,2,0),"") -> شاى العروسة 100 جم | D119: =IFERROR(VLOOKUP(B119,'اكواد الاصناف'!A:C,3,0),"") -> كيلو | F119: 212.5 | G119: =F119*E119 -> 0 | H119: 25 | I119: =IFERROR(VLOOKUP(H119,'سجل العملاء'!A:B,2,0),"") -> الحرمين ماركت | J119: 524
A120: 18 | B120: 221 | C120: =IFERROR(VLOOKUP(B120,'اكواد الاصناف'!A:C,2,0),"") -> شاى العروسة 40 جم | D120: =IFERROR(VLOOKUP(B120,'اكواد الاصناف'!A:C,3,0),"") -> كيلو | F120: 212.5 | G120: =F120*E120 -> 0 | H120: 25 | I120: =IFERROR(VLOOKUP(H120,'سجل العملاء'!A:B,2,0),"") -> الحرمين ماركت | J120: 524
A121: 19 | B121: 369 | C121: =IFERROR(VLOOKUP(B121,'اكواد الاصناف'!A:C,2,0),"") -> كراش سبورت 2 لتر | D121: =IFERROR(VLOOKUP(B121,'اكواد الاصناف'!A:C,3,0),"") -> بالتة | E121: 1 | F121: 155 | G121: =F121*E121 -> 155 | H121: 25 | I121: =IFERROR(VLOOKUP(H121,'سجل العملاء'!A:B,2,0),"") -> الحرمين ماركت | J121: 524
A122: 20 | B122: 370 | C122: =IFERROR(VLOOKUP(B122,'اكواد الاصناف'!A:C,2,0),"") -> كراش برتقال 2 لتر | D122: =IFERROR(VLOOKUP(B122,'اكواد الاصناف'!A:C,3,0),"") -> بالتة | E122: 1 | F122: 155 | G122: =F122*E122 -> 155 | H122: 25 | I122: =IFERROR(VLOOKUP(H122,'سجل العملاء'!A:B,2,0),"") -> الحرمين ماركت | J122: 524
A123: 21 | B123: 371 | C123: =IFERROR(VLOOKUP(B123,'اكواد الاصناف'!A:C,2,0),"") -> كراش هاي سبوت 2 لتر | D123: =IFERROR(VLOOKUP(B123,'اكواد الاصناف'!A:C,3,0),"") -> بالتة | E123: 1 | F123: 155 | G123: =F123*E123 -> 155 | H123: 25 | I123: =IFERROR(VLOOKUP(H123,'سجل العملاء'!A:B,2,0),"") -> الحرمين ماركت | J123: 524
A124: 22 | B124: 372 | C124: =IFERROR(VLOOKUP(B124,'اكواد الاصناف'!A:C,2,0),"") -> كراش تفاح 2 لتر | D124: =IFERROR(VLOOKUP(B124,'اكواد الاصناف'!A:C,3,0),"") -> بالتة | E124: 1 | F124: 155 | G124: =F124*E124 -> 155 | H124: 25 | I124: =IFERROR(VLOOKUP(H124,'سجل العملاء'!A:B,2,0),"") -> الحرمين ماركت | J124: 524
A125: 23 | B125: 356 | C125: =IFERROR(VLOOKUP(B125,'اكواد الاصناف'!A:C,2,0),"") -> سفن اب 2.5 لتر | D125: =IFERROR(VLOOKUP(B125,'اكواد الاصناف'!A:C,3,0),"") -> بالتة | E125: 1 | F125: 220 | G125: =F125*E125 -> 220 | H125: 25 | I125: =IFERROR(VLOOKUP(H125,'سجل العملاء'!A:B,2,0),"") -> الحرمين ماركت | J125: 524
A126: 24 | B126: 11 | C126: =IFERROR(VLOOKUP(B126,'اكواد الاصناف'!A:C,2,0),"") -> سكر معبأ 20 كيس | D126: =IFERROR(VLOOKUP(B126,'اكواد الاصناف'!A:C,3,0),"") -> بالتة | E126: 1 | F126: 590 | G126: =F126*E126 -> 590 | H126: 25 | I126: =IFERROR(VLOOKUP(H126,'سجل العملاء'!A:B,2,0),"") -> الحرمين ماركت | J126: 524
A127: 25 | B127: 188 | C127: =IFERROR(VLOOKUP(B127,'اكواد الاصناف'!A:C,2,0),"") -> نسكافيه بلاك | D127: =IFERROR(VLOOKUP(B127,'اكواد الاصناف'!A:C,3,0),"") -> علبة | E127: 2 | F127: 102 | G127: =F127*E127 -> 204 | H127: 25 | I127: =IFERROR(VLOOKUP(H127,'سجل العملاء'!A:B,2,0),"") -> الحرمين ماركت | J127: 524
A128: 26 | B128: 7 | C128: =IFERROR(VLOOKUP(B128,'اكواد الاصناف'!A:C,2,0),"") -> ارز الساعة 1 ك ( كرتونة 10 كيس) | D128: =IFERROR(VLOOKUP(B128,'اكواد الاصناف'!A:C,3,0),"") -> كرتونة | E128: 1 | F128: 370 | G128: =F128*E128 -> 370 | H128: 25 | I128: =IFERROR(VLOOKUP(H128,'سجل العملاء'!A:B,2,0),"") -> الحرمين ماركت | J128: 524
B129: 348 | C129: =IFERROR(VLOOKUP(B129,'اكواد الاصناف'!A:C,2,0),"") -> مياه ايلانو صغير | D129: =IFERROR(VLOOKUP(B129,'اكواد الاصناف'!A:C,3,0),"") -> كرتونة | E129: 1 | F129: 95 | G129: =F129*E129 -> 95 | H129: عميل خارجي | I129: =IFERROR(VLOOKUP(H129,'سجل العملاء'!A:B,2,0),"") | K129: 46175
B130: 204 | C130: =IFERROR(VLOOKUP(B130,'اكواد الاصناف'!A:C,2,0),"") -> كوفي بريك كابتشينو فانيليا | D130: =IFERROR(VLOOKUP(B130,'اكواد الاصناف'!A:C,3,0),"") -> علبة | E130: 1 | F130: 70 | G130: =F130*E130 -> 70 | H130: عميل خارجي | I130: =IFERROR(VLOOKUP(H130,'سجل العملاء'!A:B,2,0),"")
A131: 1 | B131: 399 | C131: =IFERROR(VLOOKUP(B131,'اكواد الاصناف'!A:C,2,0),"") -> شويبس ليمون نعناع لتر | D131: =IFERROR(VLOOKUP(B131,'اكواد الاصناف'!A:C,3,0),"") -> بالتة | E131: 1 | F131: 141 | G131: =F131*E131 -> 141 | H131: 64 | I131: =IFERROR(VLOOKUP(H131,'سجل العملاء'!A:B,2,0),"") -> الملوانى | J131: 525
A132: 2 | B132: 404 | C132: =IFERROR(VLOOKUP(B132,'اكواد الاصناف'!A:C,2,0),"") -> شويبس ليمون نعناع 2 لتر | D132: =IFERROR(VLOOKUP(B132,'اكواد الاصناف'!A:C,3,0),"") -> بالتة | E132: 1 | F132: 218 | G132: =F132*E132 -> 218 | H132: 64 | I132: =IFERROR(VLOOKUP(H132,'سجل العملاء'!A:B,2,0),"") -> الملوانى | J132: 525
A133: 3 | B133: 363 | C133: =IFERROR(VLOOKUP(B133,'اكواد الاصناف'!A:C,2,0),"") -> بيبسى كانز ستار 320 مل | D133: =IFERROR(VLOOKUP(B133,'اكواد الاصناف'!A:C,3,0),"") -> بالتة | E133: 1 | F133: 325 | G133: =F133*E133 -> 325 | H133: 64 | I133: =IFERROR(VLOOKUP(H133,'سجل العملاء'!A:B,2,0),"") -> الملوانى | J133: 525
A134: 4 | B134: 368 | C134: =IFERROR(VLOOKUP(B134,'اكواد الاصناف'!A:C,2,0),"") -> ميرندا تفاح كانز ستار 320 مل | D134: =IFERROR(VLOOKUP(B134,'اكواد الاصناف'!A:C,3,0),"") -> بالتة | E134: 1 | F134: 325 | G134: =F134*E134 -> 325 | H134: 64 | I134: =IFERROR(VLOOKUP(H134,'سجل العملاء'!A:B,2,0),"") -> الملوانى | J134: 525
A135: 5 | B135: 442 | C135: =IFERROR(VLOOKUP(B135,'اكواد الاصناف'!A:C,2,0),"") -> بريل صابون سائل 600 مل | D135: =IFERROR(VLOOKUP(B135,'اكواد الاصناف'!A:C,3,0),"") -> كرتونة | E135: 1 | F135: 440 | G135: =F135*E135 -> 440 | H135: 64 | I135: =IFERROR(VLOOKUP(H135,'سجل العملاء'!A:B,2,0),"") -> الملوانى | J135: 525
A136: 6 | B136: 330 | C136: =IFERROR(VLOOKUP(B136,'اكواد الاصناف'!A:C,2,0),"") -> عصير جهينة 235 مل برتقال | D136: =IFERROR(VLOOKUP(B136,'اكواد الاصناف'!A:C,3,0),"") -> بالتة | E136: 1 | F136: 205 | G136: =F136*E136 -> 205 | H136: 64 | I136: =IFERROR(VLOOKUP(H136,'سجل العملاء'!A:B,2,0),"") -> الملوانى | J136: 525
A137: 7 | B137: 432 | C137: =IFERROR(VLOOKUP(B137,'اكواد الاصناف'!A:C,2,0),"") -> اندومي ميني سوبر فراخ | D137: =IFERROR(VLOOKUP(B137,'اكواد الاصناف'!A:C,3,0),"") -> كرتونة | E137: 1 | F137: 214 | G137: =F137*E137 -> 214 | H137: 64 | I137: =IFERROR(VLOOKUP(H137,'سجل العملاء'!A:B,2,0),"") -> الملوانى | J137: 525
A138: 8 | B138: 437 | C138: =IFERROR(VLOOKUP(B138,'اكواد الاصناف'!A:C,2,0),"") -> اندومي جامبو لحمة | D138: =IFERROR(VLOOKUP(B138,'اكواد الاصناف'!A:C,3,0),"") -> كرتونة | E138: 1 | F138: 380 | G138: =F138*E138 -> 380 | H138: 64 | I138: =IFERROR(VLOOKUP(H138,'سجل العملاء'!A:B,2,0),"") -> الملوانى | J138: 525
A139: 9 | B139: 429 | C139: =IFERROR(VLOOKUP(B139,'اكواد الاصناف'!A:C,2,0),"") -> جاجوار 10 ج | D139: =IFERROR(VLOOKUP(B139,'اكواد الاصناف'!A:C,3,0),"") -> كرتونة | E139: 1 | F139: 85 | G139: =F139*E139 -> 85 | H139: 64 | I139: =IFERROR(VLOOKUP(H139,'سجل العملاء'!A:B,2,0),"") -> الملوانى | J139: 525
A140: 10 | B140: 427 | C140: =IFERROR(VLOOKUP(B140,'اكواد الاصناف'!A:C,2,0),"") -> تايجر ب 10 ج | D140: =IFERROR(VLOOKUP(B140,'اكواد الاصناف'!A:C,3,0),"") -> كرتونة | E140: 1 | F140: 134.5 | G140: =F140*E140 -> 134.5 | H140: 64 | I140: =IFERROR(VLOOKUP(H140,'سجل العملاء'!A:B,2,0),"") -> الملوانى | J140: 525
A141: 11 | B141: 313 | C141: =IFERROR(VLOOKUP(B141,'اكواد الاصناف'!A:C,2,0),"") -> لبن مراعي لتر كامل الدسم | D141: =IFERROR(VLOOKUP(B141,'اكواد الاصناف'!A:C,3,0),"") -> بالتة | E141: 1 | F141: 570 | G141: =F141*E141 -> 570 | H141: 64 | I141: =IFERROR(VLOOKUP(H141,'سجل العملاء'!A:B,2,0),"") -> الملوانى | J141: 525
A142: 1 | B142: 7 | C142: =IFERROR(VLOOKUP(B142,'اكواد الاصناف'!A:C,2,0),"") -> ارز الساعة 1 ك ( كرتونة 10 كيس) | D142: =IFERROR(VLOOKUP(B142,'اكواد الاصناف'!A:C,3,0),"") -> كرتونة | E142: 3 | F142: 370 | G142: =F142*E142 -> 1110 | H142: 80 | I142: =IFERROR(VLOOKUP(H142,'سجل العملاء'!A:B,2,0),"") -> اسواق المصري | J142: 526
... A168: 7 | B168: 462 | C168: =IFERROR(VLOOKUP(B168,'اكواد الاصناف'!A:C,2,0),"") -> ورق لوري مقرطف | D168: =IFERROR(VLOOKUP(B168,'اكواد الاصناف'!A:C,3,0),"") -> كيلو | E168: 1 | F168: 155 | G168: =F168*E168 -> 155 | H168: 146 | I168: =IFERROR(VLOOKUP(H168,'سجل العملاء'!A:B,2,0),"") -> عطارة الهنا | J168: 528
A169: 8 | B169: 227 | C169: =IFERROR(VLOOKUP(B169,'اكواد الاصناف'!A:C,2,0),"") -> بن فكاكيس 100 جم | D169: =IFERROR(VLOOKUP(B169,'اكواد الاصناف'!A:C,3,0),"") -> بالتة | F169: 470 | G169: =F169*E169 -> 0 | H169: 146 | I169: =IFERROR(VLOOKUP(H169,'سجل العملاء'!A:B,2,0),"") -> عطارة الهنا | J169: 528
A170: 9 | B170: 489 | C170: =IFERROR(VLOOKUP(B170,'اكواد الاصناف'!A:C,2,0),"") -> حلبة بلدي | D170: =IFERROR(VLOOKUP(B170,'اكواد الاصناف'!A:C,3,0),"") -> كيلو | E170: 5 | F170: 38 | G170: =F170*E170 -> 190 | H170: 146 | I170: =IFERROR(VLOOKUP(H170,'سجل العملاء'!A:B,2,0),"") -> عطارة الهنا | J170: 528
A171: 10 | B171: 454 | C171: =IFERROR(VLOOKUP(B171,'اكواد الاصناف'!A:C,2,0),"") -> شمر | D171: =IFERROR(VLOOKUP(B171,'اكواد الاصناف'!A:C,3,0),"") -> كيلو | E171: 2 | F171: 65 | G171: =F171*E171 -> 130 | H171: 146 | I171: =IFERROR(VLOOKUP(H171,'سجل العملاء'!A:B,2,0),"") -> عطارة الهنا | J171: 528
A172: 11 | B172: 455 | C172: =IFERROR(VLOOKUP(B172,'اكواد الاصناف'!A:C,2,0),"") -> ينسون بلدي مغربل | D172: =IFERROR(VLOOKUP(B172,'اكواد الاصناف'!A:C,3,0),"") -> كيلو | E172: 2 | F172: 135 | G172: =F172*E172 -> 270 | H172: 146 | I172: =IFERROR(VLOOKUP(H172,'سجل العملاء'!A:B,2,0),"") -> عطارة الهنا | J172: 528
A173: 12 | B173: 197 | C173: =IFERROR(VLOOKUP(B173,'اكواد الاصناف'!A:C,2,0),"") -> بونجورنو فانيليا | D173: =IFERROR(VLOOKUP(B173,'اكواد الاصناف'!A:C,3,0),"") -> علبة | E173: 1 | F173: 100 | G173: =F173*E173 -> 100 | H173: 146 | I173: =IFERROR(VLOOKUP(H173,'سجل العملاء'!A:B,2,0),"") -> عطارة الهنا | J173: 528
A174: 13 | B174: 195 | C174: =IFERROR(VLOOKUP(B174,'اكواد الاصناف'!A:C,2,0),"") -> بونجورنو بندق | D174: =IFERROR(VLOOKUP(B174,'اكواد الاصناف'!A:C,3,0),"") -> علبة | F174: 100 | G174: =F174*E174 -> 0 | H174: 146 | I174: =IFERROR(VLOOKUP(H174,'سجل العملاء'!A:B,2,0),"") -> عطارة الهنا | J174: 528
A175: 14 | B175: 465 | C175: =IFERROR(VLOOKUP(B175,'اكواد الاصناف'!A:C,2,0),"") -> قرنفل برازيلي | D175: =IFERROR(VLOOKUP(B175,'اكواد الاصناف'!A:C,3,0),"") -> كيلو | E175: 1 | F175: 500 | G175: =F175*E175 -> 500 | H175: 146 | I175: =IFERROR(VLOOKUP(H175,'سجل العملاء'!A:B,2,0),"") -> عطارة الهنا | J175: 528
A176: 15 | B176: 466 | C176: =IFERROR(VLOOKUP(B176,'اكواد الاصناف'!A:C,2,0),"") -> سلمكة قرن | D176: =IFERROR(VLOOKUP(B176,'اكواد الاصناف'!A:C,3,0),"") -> كيلو | E176: 1 | F176: 100 | G176: =F176*E176 -> 100 | H176: 146 | I176: =IFERROR(VLOOKUP(H176,'سجل العملاء'!A:B,2,0),"") -> عطارة الهنا | J176: 528
A177: 1 | B177: 188 | C177: =IFERROR(VLOOKUP(B177,'اكواد الاصناف'!A:C,2,0),"") -> نسكافيه بلاك | D177: =IFERROR(VLOOKUP(B177,'اكواد الاصناف'!A:C,3,0),"") -> علبة | E177: 12 | F177: 102 | G177: =F177*E177 -> 1224 | H177: 145 | I177: =IFERROR(VLOOKUP(H177,'سجل العملاء'!A:B,2,0),"") -> ميني ماركت بوريو | J177: 513 | K177: 46176
A178: 2 | B178: 200 | C178: =IFERROR(VLOOKUP(B178,'اكواد الاصناف'!A:C,2,0),"") -> كوفى ميكس ك | D178: =IFERROR(VLOOKUP(B178,'اكواد الاصناف'!A:C,3,0),"") -> علبة | E178: 6 | F178: 70 | G178: =F178*E178 -> 420 | H178: 145 | I178: =IFERROR(VLOOKUP(H178,'سجل العملاء'!A:B,2,0),"") -> ميني ماركت بوريو | J178: 513
A179: 3 | B179: 226 | C179: =IFERROR(VLOOKUP(B179,'اكواد الاصناف'!A:C,2,0),"") -> بن فكاكيس 50 جم | D179: =IFERROR(VLOOKUP(B179,'اكواد الاصناف'!A:C,3,0),"") -> بالتة | E179: 1 | F179: 470 | G179: =F179*E179 -> 470 | H179: 145 | I179: =IFERROR(VLOOKUP(H179,'سجل العملاء'!A:B,2,0),"") -> ميني ماركت بوريو | J179: 513
A180: 4 | B180: 9 | C180: =IFERROR(VLOOKUP(B180,'اكواد الاصناف'!A:C,2,0),"") -> ارز الضحي 1 ك | D180: =IFERROR(VLOOKUP(B180,'اكواد الاصناف'!A:C,3,0),"") -> بالتة | E180: 1 | F180: 380 | G180: =F180*E180 -> 380 | H180: 145 | I180: =IFERROR(VLOOKUP(H180,'سجل العملاء'!A:B,2,0),"") -> ميني ماركت بوريو | J180: 513
A181: 5 | B181: 25 | C181: =IFERROR(VLOOKUP(B181,'اكواد الاصناف'!A:C,2,0),"") -> دقيق الضحي 1 ك | D181: =IFERROR(VLOOKUP(B181,'اكواد الاصناف'!A:C,3,0),"") -> بالتة | E181: 1 | F181: 295 | G181: =F181*E181 -> 295 | H181: 145 | I181: =IFERROR(VLOOKUP(H181,'سجل العملاء'!A:B,2,0),"") -> ميني ماركت بوريو | J181: 513
A182: 6 | B182: 135 | C182: =IFERROR(VLOOKUP(B182,'اكواد الاصناف'!A:C,2,0),"") -> كاتشب هاينز ظرف كبير | D182: =IFERROR(VLOOKUP(B182,'اكواد الاصناف'!A:C,3,0),"") -> علبة | E182: 1 | F182: 158 | G182: =F182*E182 -> 158 | H182: 145 | I182: =IFERROR(VLOOKUP(H182,'سجل العملاء'!A:B,2,0),"") -> ميني ماركت بوريو | J182: 513
A183: 7 | B183: 298 | C183: =IFERROR(VLOOKUP(B183,'اكواد الاصناف'!A:C,2,0),"") -> تونة صن شاين قطع 185جم *48 | D183: =IFERROR(VLOOKUP(B183,'اكواد الاصناف'!A:C,3,0),"") -> قطعة | E183: 6 | F183: 62 | G183: =F183*E183 -> 372 | H183: 145 | I183: =IFERROR(VLOOKUP(H183,'سجل العملاء'!A:B,2,0),"") -> ميني ماركت بوريو | J183: 513
A184: 8 | B184: 555 | C184: =IFERROR(VLOOKUP(B184,'اكواد الاصناف'!A:C,2,0),"") -> جبنة عبور لاند سادة 250 جم | D184: =IFERROR(VLOOKUP(B184,'اكواد الاصناف'!A:C,3,0),"") -> بالتة | E184: 1 | F184: 585 | G184: =F184*E184 -> 585 | H184: 145 | I184: =IFERROR(VLOOKUP(H184,'سجل العملاء'!A:B,2,0),"") -> ميني ماركت بوريو | J184: 513
A185: 9 | B185: 581 | C185: =IFERROR(VLOOKUP(B185,'اكواد الاصناف'!A:C,2,0),"") -> أوكسي يدوي 40 جم (5 جنيه) *32 | D185: =IFERROR(VLOOKUP(B185,'اكواد الاصناف'!A:C,3,0),"") -> كرتونة | E185: 1 | F185: 144.5 | G185: =F185*E185 -> 144.5 | H185: 145 | I185: =IFERROR(VLOOKUP(H185,'سجل العملاء'!A:B,2,0),"") -> ميني ماركت بوريو | J185: 513
A186: 10 | B186: 531 | C186: =IFERROR(VLOOKUP(B186,'اكواد الاصناف'!A:C,2,0),"") -> أوكسي يدوي 160 جم (15 جنيه) *12 | D186: =IFERROR(VLOOKUP(B186,'اكواد الاصناف'!A:C,3,0),"") -> كرتونة | E186: 1 | F186: 160 | G186: =F186*E186 -> 160 | H186: 145 | I186: =IFERROR(VLOOKUP(H186,'سجل العملاء'!A:B,2,0),"") -> ميني ماركت بوريو | J186: 513
A187: 11 | B187: 532 | C187: =IFERROR(VLOOKUP(B187,'اكواد الاصناف'!A:C,2,0),"") -> أوكسي يدوي 290 جم (25 جنيه) *8 | D187: =IFERROR(VLOOKUP(B187,'اكواد الاصناف'!A:C,3,0),"") -> كرتونة | E187: 1 | F187: 185 | G187: =F187*E187 -> 185 | H187: 145 | I187: =IFERROR(VLOOKUP(H187,'سجل العملاء'!A:B,2,0),"") -> ميني ماركت بوريو | J187: 513
A188: 12 | B188: 321 | C188: =IFERROR(VLOOKUP(B188,'اكواد الاصناف'!A:C,2,0),"") -> عصير جهينة لتر مانجو | D188: =IFERROR(VLOOKUP(B188,'اكواد الاصناف'!A:C,3,0),"") -> بالتة | E188: 2 | F188: 368 | G188: =F188*E188 -> 736 | H188: 145 | I188: =IFERROR(VLOOKUP(H188,'سجل العملاء'!A:B,2,0),"") -> ميني ماركت بوريو | J188: 513
A189: 13 | B189: 322 | C189: =IFERROR(VLOOKUP(B189,'اكواد الاصناف'!A:C,2,0),"") -> عصير جهينة لتر اناناس | D189: =IFERROR(VLOOKUP(B189,'اكواد الاصناف'!A:C,3,0),"") -> بالتة | E189: 2 | F189: 368 | G189: =F189*E189 -> 736 | H189: 145 | I189: =IFERROR(VLOOKUP(H189,'سجل العملاء'!A:B,2,0),"") -> ميني ماركت بوريو | J189: 513
... A364: 54 | B364: 459 | C364: =IFERROR(VLOOKUP(B364,'اكواد الاصناف'!A:C,2,0),"") -> حبهان وسط | D364: =IFERROR(VLOOKUP(B364,'اكواد الاصناف'!A:C,3,0),"") -> كيلو | E364: 0.33 | F364: 1520 | G364: =F364*E364 -> 501.6 | H364: 1 | I364: =IFERROR(VLOOKUP(H364,'سجل العملاء'!A:B,2,0),"") -> عطارة رؤية | J364: 988
A365: 1 | B365: 347 | C365: =IFERROR(VLOOKUP(B365,'اكواد الاصناف'!A:C,2,0),"") -> مياه ايلانو كبير | D365: =IFERROR(VLOOKUP(B365,'اكواد الاصناف'!A:C,3,0),"") -> كرتونة | E365: 1 | F365: 95 | G365: =F365*E365 -> 95 | H365: الجيران | I365: =IFERROR(VLOOKUP(H365,'سجل العملاء'!A:B,2,0),"")
A366: 2 | B366: 348 | C366: =IFERROR(VLOOKUP(B366,'اكواد الاصناف'!A:C,2,0),"") -> مياه ايلانو صغير | D366: =IFERROR(VLOOKUP(B366,'اكواد الاصناف'!A:C,3,0),"") -> كرتونة | E366: 1 | F366: 95 | G366: =F366*E366 -> 95 | H366: الجيران | I366: =IFERROR(VLOOKUP(H366,'سجل العملاء'!A:B,2,0),"")
A367: 3 | B367: 190 | C367: =IFERROR(VLOOKUP(B367,'اكواد الاصناف'!A:C,2,0),"") -> نسكافيه 3*1 | D367: =IFERROR(VLOOKUP(B367,'اكواد الاصناف'!A:C,3,0),"") -> علبة | E367: 1 | F367: 135 | G367: =F367*E367 -> 135 | H367: الجيران | I367: =IFERROR(VLOOKUP(H367,'سجل العملاء'!A:B,2,0),"")
A368: 4 | B368: 204 | C368: =IFERROR(VLOOKUP(B368,'اكواد الاصناف'!A:C,2,0),"") -> كوفي بريك كابتشينو فانيليا | D368: =IFERROR(VLOOKUP(B368,'اكواد الاصناف'!A:C,3,0),"") -> علبة | E368: 2 | F368: 69 | G368: =F368*E368 -> 138 | H368: الجيران | I368: =IFERROR(VLOOKUP(H368,'سجل العملاء'!A:B,2,0),"")
A369: 1 | B369: 230 | C369: =IFERROR(VLOOKUP(B369,'اكواد الاصناف'!A:C,2,0),"") -> بن عبدالمعبود سادة فاتح 100جم | D369: =IFERROR(VLOOKUP(B369,'اكواد الاصناف'!A:C,3,0),"") -> بالتة | E369: 1 | F369: 600 | G369: =F369*E369 -> 600 | H369: 11 | I369: =IFERROR(VLOOKUP(H369,'سجل العملاء'!A:B,2,0),"") -> ميدو ماركت | J369: 537 | K369: 46177
A370: 2 | B370: 185 | C370: =IFERROR(VLOOKUP(B370,'اكواد الاصناف'!A:C,2,0),"") -> خميره الرحاب | D370: =IFERROR(VLOOKUP(B370,'اكواد الاصناف'!A:C,3,0),"") -> علبة | E370: 1 | F370: 90 | G370: =F370*E370 -> 90 | H370: 11 | I370: =IFERROR(VLOOKUP(H370,'سجل العملاء'!A:B,2,0),"") -> ميدو ماركت | J370: 537
A371: 3 | B371: 222 | C371: =IFERROR(VLOOKUP(B371,'اكواد الاصناف'!A:C,2,0),"") -> بن احمد الشيخ 50جم | D371: =IFERROR(VLOOKUP(B371,'اكواد الاصناف'!A:C,3,0),"") -> علبة | E371: 2 | F371: 440 | G371: =F371*E371 -> 880 | H371: 11 | I371: =IFERROR(VLOOKUP(H371,'سجل العملاء'!A:B,2,0),"") -> ميدو ماركت | J371: 537
A372: 4 | B372: 226 | C372: =IFERROR(VLOOKUP(B372,'اكواد الاصناف'!A:C,2,0),"") -> بن فكاكيس 50 جم | D372: =IFERROR(VLOOKUP(B372,'اكواد الاصناف'!A:C,3,0),"") -> بالتة | E372: 1 | F372: 470 | G372: =F372*E372 -> 470 | H372: 11 | I372: =IFERROR(VLOOKUP(H372,'سجل العملاء'!A:B,2,0),"") -> ميدو ماركت | J372: 537
A373: 5 | B373: 330 | C373: =IFERROR(VLOOKUP(B373,'اكواد الاصناف'!A:C,2,0),"") -> عصير جهينة 235 مل برتقال | D373: =IFERROR(VLOOKUP(B373,'اكواد الاصناف'!A:C,3,0),"") -> بالتة | E373: 2 | F373: 205 | G373: =F373*E373 -> 410 | H373: 11 | I373: =IFERROR(VLOOKUP(H373,'سجل العملاء'!A:B,2,0),"") -> ميدو ماركت | J373: 537
...

Sheet اجمالي المشتريات
A1: التاريخ | B1: المشتريات
A2: 46174 | B2: فاتورة الزهراء (انستا) | E2: 17658
A3: 46175 | B3: فاتورة الزهراء (انستا) | E3: 8895
A4: 46175 | B4: فاتورة العروسة | E4: 24170
A5: 46176 | B5: فاتورة الزهراء | E5: 16465

Sheet اجمالي المصروفات
A1: التاريخ | B1: المصروفات
A2: 46174 | B2: زيت باور | E2: 430
A3: 46174 | B3: شامبو | E3: 200
A4: 46174 | B4: محمد سلفه | E4: 200
A5: 46175 | B5: غرامة مخالفه | E5: 50
A6: 46175 | B6: شامبو | E6: 200
A7: 46176 | B7: شامبو | E7: 200

Sheet الاجماليات
B2: اجمالي المصروفات | F2: اجمالي المشتريات | J2: اجمالي المبيعات
B4: =SUM('اجمالي المصروفات'!E:E) -> 1280 | F4: =SUM('اجمالي المشتريات'!E:E) -> 67188 | J4: =SUM('سجل المبيعات'!G2:'سجل المبيعات'!G15029) -> 469687.02
B7: صافي الربح
B9: =J4-F4-B4 -> 401219.02
